actor,movie_or_TV_name
Iván J. Torres Lasanta,The Last Thing He Wanted
Iván J. Torres Lasanta,Replicas
Iván J. Torres Lasanta,In the Blood
Iván J. Torres Lasanta,Demasiada Tita
Iván J. Torres Lasanta,Fast Five
Vin Diesel,Furya
Vin Diesel,Muscle
Vin Diesel,xXx 4
Vin Diesel,Fast X
Vin Diesel,Guardians of the Galaxy Vol. 3
Vin Diesel,The Guardians of the Galaxy Holiday Special
Vin Diesel,Thor: Love and Thunder
Vin Diesel,ARK: The Animated Series
Vin Diesel,Ark II
Vin Diesel,I Am Groot
Vin Diesel,Fast & Furious Spy Racers
Vin Diesel,ARK: Genesis - Part 2
Vin Diesel,F9: The Fast Saga
Vin Diesel,Fast and Furious Crossroads
Vin Diesel,Bloodshot
Vin Diesel,Avengers: Endgame
Vin Diesel,Ralph Breaks the Internet
Vin Diesel,Avengers: Infinity War
Vin Diesel,Disneyland Resort: Guardians of the Galaxy - Mission Breakout!
Vin Diesel,Guardians of the Galaxy Vol. 2
Vin Diesel,The Fate of the Furious
Vin Diesel,xXx: Return of Xander Cage
Vin Diesel,Billy Lynn's Long Halftime Walk
Vin Diesel,CelebriD&D
Vin Diesel,The Last Witch Hunter
Vin Diesel,Fast & Furious: Supercharged
Vin Diesel,Wiz Khalifa feat. Charlie Puth: See You Again
Vin Diesel,Furious 7
Vin Diesel,Guardians of the Galaxy
Vin Diesel,Riddick
Vin Diesel,Riddick: Blindsided
Vin Diesel,Fast & Furious 6
Vin Diesel,Fast Five
Vin Diesel,Los Bandoleros
Vin Diesel,The Chronicles of Riddick: Assault on Dark Athena
Vin Diesel,Wheelman
Vin Diesel,Fast & Furious
Vin Diesel,Babylon A.D.
Vin Diesel,The Fast and the Furious: Tokyo Drift
Vin Diesel,Find Me Guilty
Vin Diesel,The Pacifier
Vin Diesel,GameStar: Die Redaktion
Vin Diesel,The Chronicles of Riddick: Dark Fury
Vin Diesel,The Chronicles of Riddick
Vin Diesel,The Chronicles of Riddick: Escape from Butcher Bay
Vin Diesel,A Man Apart
Vin Diesel,xXx
Vin Diesel,Knockaround Guys
Vin Diesel,The Fast and the Furious
Vin Diesel,Pitch Black
Vin Diesel,Boiler Room
Vin Diesel,The Chronicles of Riddick: Into Pitch Black
Vin Diesel,The Iron Giant
Vin Diesel,Saving Private Ryan
Vin Diesel,Strays
Vin Diesel,Multi-Facial
Vin Diesel,Awakenings
Skyyler Wilmenko,The Agency of International Affairs
Skyyler Wilmenko,CSI: Cyber
Skyyler Wilmenko,F#@K I Love U
Skyyler Wilmenko,Grandfathered
Skyyler Wilmenko,Justice with Judge Mablean
Skyyler Wilmenko,Fast Five
Skyyler Wilmenko,The Game
Brian Tester,23 Horas
Brian Tester,Fantasy Island
Brian Tester,The Baker and the Beauty
Brian Tester,Yerba Buena
Brian Tester,The Last Thing He Wanted
Brian Tester,Primal
Brian Tester,Otra Boda en Castañer
Brian Tester,Driven
Brian Tester,The Oath
Brian Tester,Bienvenido Don Goyito
Brian Tester,Wrecked
Brian Tester,Ein Sommer in Florida
Brian Tester,Mad Dogs
Brian Tester,Royal Pains
Brian Tester,In the Blood
Brian Tester,Runner Runner
Brian Tester,Welcome to the Jungle
Brian Tester,The River
Brian Tester,Fast Five
Brian Tester,The Caller
Brian Tester,Off the Map
Brian Tester,Meant to Be
Brian Tester,The Men Who Stare at Goats
Brian Tester,Life During Wartime
Brian Tester,A Perfect Getaway
Brian Tester,One Hot Summer
Brian Tester,Princess Protection Program
Brian Tester,Au Pair 3: Adventure in Paradise
Brian Tester,Behind Enemy Lines: Colombia
Brian Tester,The Reaping
Brian Tester,True Caribbean Pirates
Brian Tester,Cayo
Brian Tester,Revolución en el infierno
Brian Tester,Outside the Law
Richard Tavernaro,Project ISISX
Richard Tavernaro,Entre Nous
Richard Tavernaro,Slaw
Richard Tavernaro,True Crime with Aphrodite Jones
Richard Tavernaro,The Thin Line
Richard Tavernaro,Comedy Camp
Richard Tavernaro,Snapped: Killer Couples
Richard Tavernaro,C.I.G.A.R.
Richard Tavernaro,Message from Beyond
Richard Tavernaro,The Tortured - Final Cut
Richard Tavernaro,Sid Roth's It's Supernatural
Richard Tavernaro,42
Richard Tavernaro,Danger of a Stranger
Richard Tavernaro,The Tortured
Richard Tavernaro,C.I.G.A.R.
Richard Tavernaro,Giggity
Richard Tavernaro,Drop Dead Diva
Richard Tavernaro,Field of Vision
Richard Tavernaro,Fighting Angels: The Series
Richard Tavernaro,Fast Five
Richard Tavernaro,Fighting Angels: Exodus
JT Tomangi,Skeleton in the Closet
JT Tomangi,Mojave Diamonds
JT Tomangi,Shrapnel
JT Tomangi,Crave: The Fast Life
JT Tomangi,Street
JT Tomangi,The Avengers
JT Tomangi,Fast Five
Johnny Strong,Warhorse One
Johnny Strong,Invincible
Johnny Strong,Cold Brook
Johnny Strong,Daylight's End
Johnny Strong,Elwood
Johnny Strong,Fast & Furious 6
Johnny Strong,Fast Five
Johnny Strong,Sinners and Saints
Johnny Strong,Black Hawk Down
Johnny Strong,The Fast and the Furious
Johnny Strong,Get Carter
Johnny Strong,Bury Me in Kern County
Johnny Strong,Don't Eat the Chili at the Detour Diner
Johnny Strong,On the Edge of Innocence
Johnny Strong,Time Well Spent
Johnny Strong,The Glimmer Man
Johnny Strong,Seduced by Madness: The Diane Borchardt Story
Jimmy Star,Metal Heavy
Jimmy Star,Clown Motel 2
Jimmy Star,Compatible
Jimmy Star,The Beast Inside
Jimmy Star,Morbius
Jimmy Star,The Batman
Jimmy Star,F9: The Fast Saga
Jimmy Star,The Scene Snobs Podcast Live
Jimmy Star,FCR247 Interviews
Jimmy Star,The Witches
Jimmy Star,Stardust
Jimmy Star,Tenet
Jimmy Star,The Old Guard
Jimmy Star,Eurovision Song Contest: The Story of Fire Saga
Jimmy Star,Stargirl
Jimmy Star,The King of Staten Island
Jimmy Star,Batwoman
Jimmy Star,Valley Girl
Jimmy Star,Bosch
Jimmy Star,S.W.A.T.
Jimmy Star,The Rookie
Jimmy Star,The Resident
Jimmy Star,Star Wars: Episode IX - The Rise of Skywalker
Jimmy Star,Titans
Jimmy Star,The Good Doctor
Jimmy Star,Joker
Jimmy Star,Swamp Thing
Jimmy Star,Once Upon a Time... In Hollywood
Jimmy Star,John Wick: Chapter 3 - Parabellum
Jimmy Star,Aquaman
Jimmy Star,How to Get Away with Murder
Jimmy Star,Justice League
Jimmy Star,Bull
Jimmy Star,Blade Runner 2049
Jimmy Star,Grey's Anatomy
Jimmy Star,It
Jimmy Star,John Wick: Chapter 2
Jimmy Star,The Crash
Jimmy Star,Suicide Squad
Jimmy Star,X-Men: Apocalypse
Jimmy Star,Captain America: Civil War
Jimmy Star,Batman v Superman: Dawn of Justice
Jimmy Star,Riot
Jimmy Star,Straight Outta Compton
Jimmy Star,Mission: Impossible - Rogue Nation
Jimmy Star,Tomorrowland
Jimmy Star,Furious 7
Jimmy Star,The Vampire Diaries
Jimmy Star,John Wick
Jimmy Star,Lucy
Jimmy Star,Guardians of the Galaxy
Jimmy Star,X-Men: Days of Future Past
Jimmy Star,Chef
Jimmy Star,The Glades
Jimmy Star,Fast & Furious 6
Jimmy Star,Iron Man 3
Jimmy Star,Pain & Gain
Jimmy Star,Spring Breakers
Jimmy Star,Step Up Revolution
Jimmy Star,Rock of Ages
Jimmy Star,The Avengers
Jimmy Star,Phoenix Falling
Jimmy Star,Thor
Jimmy Star,Fast Five
Jimmy Star,Son of Morning
Jimmy Star,Saw: The Final Chapter
Jimmy Star,CSI: Miami
Jimmy Star,The Incubus
Jimmy Star,The Twilight Saga: Eclipse
Jimmy Star,Burn Notice
Jimmy Star,Avatar
Jimmy Star,The Twilight Saga: New Moon
Jimmy Star,Confessions of a Shopaholic
Jimmy Star,If I Were Dictator
Jimmy Star,Marley & Me
Jimmy Star,Twilight
Jimmy Star,Work of Art
Jimmy Star,Saw V
Jimmy Star,Sex Drive
Jimmy Star,Death Race
Jimmy Star,Bachelor Party 2: The Last Temptation
Jimmy Star,Never Back Down
Jimmy Star,Pretty in Red
Jimmy Star,Prison Break
Jimmy Star,Boston Legal
Jimmy Star,Dexter
Jimmy Star,Spider-Man 3
Jimmy Star,The Covenant
Jimmy Star,Kyle XY
Jimmy Star,Miami Vice
Jimmy Star,Superman Returns
Jimmy Star,X-Men: The Last Stand
Jimmy Star,Mission: Impossible III
Jimmy Star,King Kong
Jimmy Star,Transporter 2
Jimmy Star,Red Eye
Jimmy Star,Batman Begins
Jimmy Star,Star Wars: Episode III - Revenge of the Sith
Jimmy Star,The Amityville Horror
Jimmy Star,Cursed
Jimmy Star,Meet the Fockers
Jimmy Star,Spider-Man 2
Jimmy Star,The Punisher
Jimmy Star,Bad Boys II
Jimmy Star,Daredevil
Jimmy Star,Catch Me If You Can
Jimmy Star,Maid in Manhattan
Jimmy Star,Star Wars: Episode II - Attack of the Clones
Jimmy Star,Law & Order: Special Victims Unit
Jimmy Star,Summer Catch
Jimmy Star,Jeepers Creepers
Jimmy Star,Legally Blonde
Jimmy Star,The Fast and the Furious
Jimmy Star,Almost Famous
Jimmy Star,The Watcher
Jimmy Star,Coyote Ugly
Jimmy Star,X-Men
Jimmy Star,Golfballs!
Jimmy Star,ER
Jimmy Star,Enemy of the State
Jimmy Star,Godzilla
Jimmy Star,Wild Things
Jimmy Star,Starship Troopers
Jimmy Star,G.I. Jane
Jimmy Star,Law & Order
Jimmy Star,D3: The Mighty Ducks
Jimmy Star,Heat
Jimmy Star,The Specialist
Jimmy Star,Ace Ventura: Pet Detective
Jimmy Star,Rudy
Jimmy Star,The Bodyguard
Jimmy Star,The Mighty Ducks
Jimmy Star,Doc Hollywood
Jimmy Star,Prayer of the Rollerboys
Jimmy Star,Swamp Thing
Jimmy Star,Superboy
Jimmy Star,Gross Anatomy
Jimmy Star,Miami Vice
Jimmy Star,Batman
Jimmy Star,Gleaming the Cube
Jimmy Star,North Shore
Jimmy Star,The Lost Boys
Jimmy Star,21 Jump Street
Jimmy Star,Solarbabies
Jimmy Star,Thrashin'
Jimmy Star,Ferris Bueller's Day Off
Jimmy Star,The A-Team
Jimmy Star,Tuff Turf
Jimmy Star,Ghostbusters
Jimmy Star,Scarface
Jimmy Star,The Car
Jimmy Star,Starsky and Hutch
Gregory Marshall Smith,No Good Deed
Gregory Marshall Smith,Banshee
Gregory Marshall Smith,Flight
Gregory Marshall Smith,The Odd Life of Timothy Green
Gregory Marshall Smith,What to Expect When You're Expecting
Gregory Marshall Smith,Wanderlust
Gregory Marshall Smith,Papa
Gregory Marshall Smith,Joyful Noise
Gregory Marshall Smith,Hail Mary
Gregory Marshall Smith,Homeland
Gregory Marshall Smith,Contagion
Gregory Marshall Smith,Franklin & Bash
Gregory Marshall Smith,Fast Five
Gregory Marshall Smith,Hall Pass
Gregory Marshall Smith,Life as We Know It
Gregory Marshall Smith,Detroit 1-8-7
Gregory Marshall Smith,Lottery Ticket
Gregory Marshall Smith,Stomp the Yard 2: Homecoming
Gregory Marshall Smith,Past Life
Gregory Marshall Smith,The Prodigy
Gregory Marshall Smith,"Walker, Texas Ranger"
Gregory Marshall Smith,Sonatine
Gregory Marshall Smith,Original Sin
Gregory Marshall Smith,Minbo
Gregory Marshall Smith,American Shaolin
Gregory Marshall Smith,Boiling Point
Alex Schoenauer,The Lost City
Alex Schoenauer,Banshee
Alex Schoenauer,Cleaners
Alex Schoenauer,Paranoia
Alex Schoenauer,Fast Five
Ralph Ruiz,Your Worst Nightmare
Ralph Ruiz,The Reconstruction of William Zero
Ralph Ruiz,Sid Roth's It's Supernatural
Ralph Ruiz,Congratulations!
Ralph Ruiz,Necessary Roughness
Ralph Ruiz,A Head Held High
Ralph Ruiz,Left to Die
Ralph Ruiz,Fast Five
Ralph Ruiz,Marry Me
Ralph Ruiz,Bad Boys II
Zach Sale,Undefiled
Zach Sale,Ambitions
Zach Sale,Days of Our Lives
Zach Sale,Vengeance: A Love Story
Zach Sale,Bones
Zach Sale,Miracles from Heaven
Zach Sale,Satisfaction
Zach Sale,The Game
Zach Sale,Finding Carter
Zach Sale,Powers
Zach Sale,Resurrection
Zach Sale,Used
Zach Sale,Reaper
Zach Sale,The Death of Gary Goldwater
Zach Sale,Lately
Zach Sale,The Tortured - Final Cut
Zach Sale,Mid-Twenties Misfortune
Zach Sale,Two Lies and a Truth
Zach Sale,Rift
Zach Sale,Temptation: Confessions of a Marriage Counselor
Zach Sale,Isolated
Zach Sale,Alien Dawn
Zach Sale,Head Hunters
Zach Sale,The Tortured
Zach Sale,Papa
Zach Sale,The Vampire Diaries
Zach Sale,Dropping Petals
Zach Sale,Burn Notice
Zach Sale,Cardboard Warfare 2
Zach Sale,Drop Dead Diva
Zach Sale,Burn Notice: The Fall of Sam Axe
Zach Sale,Fast Five
Zach Sale,Killzone Extraction
William Palmer Jr.,Let's Be Cops
William Palmer Jr.,The Hunger Games: Catching Fire
William Palmer Jr.,Last Vegas
William Palmer Jr.,Necessary Roughness
William Palmer Jr.,Let It Shine
William Palmer Jr.,The Change-Up
William Palmer Jr.,Fast Five
William Palmer Jr.,The Game
William Palmer Jr.,For Colored Girls
William Palmer Jr.,Drop Dead Diva
William Palmer Jr.,ATL
William Palmer Jr.,Drumline
Vaughn Wood,The Next Contestant
Vaughn Wood,Say What
Vaughn Wood,Your Worst Nightmare
Vaughn Wood,Bloodlands
Vaughn Wood,Swamp Murders
Vaughn Wood,Temptation: Confessions of a Marriage Counselor
Vaughn Wood,House of Payne
Vaughn Wood,Chronicles of Passion
Vaughn Wood,Fast Five
Jared Moser,Halloween
Jared Moser,Avengers: Infinity War
Jared Moser,Life So Far...
Jared Moser,21 Jump Street
Jared Moser,Transformers: Dark of the Moon
Jared Moser,Pretty Little Liars
Jared Moser,Fast Five
Jason Mignot,The Family
Jason Mignot,Thick Skin
Jason Mignot,Jazzy Bell
Jason Mignot,Rite of Passage: The Steamfunk Movie
Jason Mignot,Fast Five
Jason Mignot,Equalizers
Jason Mignot,Champion Road: Arena
Johnny Michaels,Magnum P.I.
Johnny Michaels,Identity Thief
Johnny Michaels,Fast Five
Johnny Michaels,La sorpresa
Johnny Michaels,Sons of Anarchy Season 1: The Bikes
Johnny Michaels,Hotel California
Johnny Michaels,Passions
Johnny Michaels,The O.C.
Johnny Michaels,Galaxy Hunter
Johnny Michaels,The Sweet Spot
Johnny Michaels,Alias
Johnny Michaels,A Man Apart
Johnny Michaels,CSI: Miami
Johnny Michaels,Resurrection Blvd.
Johnny Michaels,After Freedom
Johnny Michaels,Simplicity
Johnny Michaels,Arrest & Trial
Johnny Michaels,Bad Guys
Justin Melick,The Only Way Back
Justin Melick,TSC: Legacy
Justin Melick,Footloose
Justin Melick,Fast Five
Justin Melick,TSC 3: Dawn of the Apocalypse
Justin Melick,Fighting Angels: The Series
Justin Melick,The Blind Side
Vin Hill,Beast
Vin Hill,Dirty Grandpa
Vin Hill,Twisted Mines
Vin Hill,Constantine
Vin Hill,Fast Five
Antonio Echeverria,The Hunger Games
Antonio Echeverria,Fast Five
Antonio Echeverria,Takers
Antonio Echeverria,Bad Lieutenant: Port of Call New Orleans
Antonio Echeverria,Fast & Furious
Antonio Echeverria,The Librarian III: The Curse of the Judas Chalice
Antonio Echeverria,Glory Road
Antonio Echeverria,The Magician King
Antonio Echeverria,Freshman Orientation
Antonio Echeverria,Dracula 2000
Blue Kimble,A Christmas Gift
Blue Kimble,Bid for Love
Blue Kimble,Ruthless
Blue Kimble,Agent Game
Blue Kimble,Monogamy
Blue Kimble,A Christmas Wish
Blue Kimble,Christmas Déjà Vu
Blue Kimble,The Deadliest Lie
Blue Kimble,Breathe
Blue Kimble,Live
Blue Kimble,P-Valley
Blue Kimble,My Brother's Keeper
Blue Kimble,The Real Bros of Simi Valley
Blue Kimble,Trade
Blue Kimble,Steppin' Back to Love
Blue Kimble,The Rookie
Blue Kimble,Smile
Blue Kimble,A Black Lady Sketch Show
Blue Kimble,The Bobby DeBarge Story
Blue Kimble,Nighthawks
Blue Kimble,My Online Valentine
Blue Kimble,The Killing Secret
Blue Kimble,Atonement
Blue Kimble,Smoke
Blue Kimble,Greed: Heavy Is the Hand
Blue Kimble,Twisted Mines
Blue Kimble,The Run Saga: Breathe
Blue Kimble,Mann and Wife
Blue Kimble,Media
Blue Kimble,Push
Blue Kimble,Devious Maids
Blue Kimble,Closet Space: The Movie
Blue Kimble,#killerpost
Blue Kimble,Love N Success
Blue Kimble,Thirsty the Movie
Blue Kimble,Angry Insecure Men 2
Blue Kimble,Returned
Blue Kimble,Crimes and Mister Meanors
Blue Kimble,What Love Will Make You Do
Blue Kimble,Breathe
Blue Kimble,"The Wish, a Story of Hope, Faith and Generosity"
Blue Kimble,T.R.A.D.E It All
Blue Kimble,The 4th Quarter (Pilot)
Blue Kimble,Staying in Lane
Blue Kimble,Loud
Blue Kimble,Being Mary Jane
Blue Kimble,Advocate & Solicitor
Blue Kimble,Strain
Blue Kimble,Greed: Introduction
Blue Kimble,When Love Was Simple
Blue Kimble,The Game
Blue Kimble,Old National
Blue Kimble,Out Life
Blue Kimble,Fast Five
Georgy Fontanals,Blind Trust
Benjamin Easterday,Blackwater Blues Indiegogo Presentation
Benjamin Easterday,Sugar Baby Murder
Georgy Fontanals,Term Life
Georgy Fontanals,Triple 9
Georgy Fontanals,The Bubble
Georgy Fontanals,Hindsight
Georgy Fontanals,Kill the Messenger
Georgy Fontanals,Let's Be Cops
Georgy Fontanals,The Red Road
Georgy Fontanals,Fast Five
Georgy Fontanals,Linked-Up
Georgy Fontanals,Meet the Browns
Benjamin Easterday,Cabaret of the Dead
Benjamin Easterday,Fire Twister
Benjamin Easterday,Jurassic City
Benjamin Easterday,Crimes of the Mind
Benjamin Easterday,Avalanche Sharks
Benjamin Easterday,Where the Devil Lies
Benjamin Easterday,Poseidon Rex
Benjamin Easterday,Defending Santa
Benjamin Easterday,Out of Reach
Benjamin Easterday,Dracano
Benjamin Easterday,Sink Hole
Benjamin Easterday,Dragon Wasps
Benjamin Easterday,The Buzz on Dragon Wasps
Benjamin Easterday,Nuclear Family
Benjamin Easterday,Fast Five
Benjamin Easterday,All My Children
Benjamin Easterday,Gene Simmons: Family Jewels
Benjamin Easterday,Vice
Benjamin Easterday,Love Sick: Secrets of a Sex Addict
Benjamin Easterday,That One Night
Benjamin Easterday,Whistler
Benjamin Easterday,Flash Gordon: A Modern Space Opera
Benjamin Easterday,Crossed
Benjamin Easterday,Puck This
Benjamin Easterday,Stargate SG-1
Benjamin Easterday,Part of the Game
Benjamin Easterday,Killer Instinct
Benjamin Easterday,The Dead Zone
Benjamin Easterday,Tru Calling
actor,movie_or_TV_name
Johnny Strong,Warhorse One
Johnny Strong,Invincible
Johnny Strong,Cold Brook
Johnny Strong,Daylight's End
Johnny Strong,Elwood
Johnny Strong,Fast & Furious 6
Johnny Strong,Fast Five
Johnny Strong,Sinners and Saints
Johnny Strong,Black Hawk Down
Johnny Strong,The Fast and the Furious
Johnny Strong,Get Carter
Johnny Strong,Bury Me in Kern County
Johnny Strong,Don't Eat the Chili at the Detour Diner
Johnny Strong,On the Edge of Innocence
Johnny Strong,Time Well Spent
Johnny Strong,The Glimmer Man
Johnny Strong,Seduced by Madness: The Diane Borchardt Story
Vin Diesel,Furya
Vin Diesel,Muscle
Vin Diesel,xXx 4
Vin Diesel,Fast X
Vin Diesel,Guardians of the Galaxy Vol. 3
Vin Diesel,The Guardians of the Galaxy Holiday Special
Vin Diesel,Thor: Love and Thunder
Vin Diesel,ARK: The Animated Series
Vin Diesel,Ark II
Vin Diesel,I Am Groot
Vin Diesel,Fast & Furious Spy Racers
Vin Diesel,ARK: Genesis - Part 2
Vin Diesel,F9: The Fast Saga
Vin Diesel,Fast and Furious Crossroads
Vin Diesel,Bloodshot
Vin Diesel,Avengers: Endgame
Vin Diesel,Ralph Breaks the Internet
Vin Diesel,Avengers: Infinity War
Vin Diesel,Disneyland Resort: Guardians of the Galaxy - Mission Breakout!
Vin Diesel,Guardians of the Galaxy Vol. 2
Vin Diesel,The Fate of the Furious
Vin Diesel,xXx: Return of Xander Cage
Vin Diesel,Billy Lynn's Long Halftime Walk
Vin Diesel,CelebriD&D
Vin Diesel,The Last Witch Hunter
Vin Diesel,Fast & Furious: Supercharged
Vin Diesel,Wiz Khalifa feat. Charlie Puth: See You Again
Vin Diesel,Furious 7
Vin Diesel,Guardians of the Galaxy
Vin Diesel,Riddick
Vin Diesel,Riddick: Blindsided
Vin Diesel,Fast & Furious 6
Vin Diesel,Fast Five
Vin Diesel,Los Bandoleros
Vin Diesel,The Chronicles of Riddick: Assault on Dark Athena
Vin Diesel,Wheelman
Vin Diesel,Fast & Furious
Vin Diesel,Babylon A.D.
Vin Diesel,The Fast and the Furious: Tokyo Drift
Vin Diesel,Find Me Guilty
Vin Diesel,The Pacifier
Vin Diesel,GameStar: Die Redaktion
Vin Diesel,The Chronicles of Riddick: Dark Fury
Vin Diesel,The Chronicles of Riddick
Vin Diesel,The Chronicles of Riddick: Escape from Butcher Bay
Vin Diesel,A Man Apart
Vin Diesel,xXx
Vin Diesel,Knockaround Guys
Vin Diesel,The Fast and the Furious
Vin Diesel,Pitch Black
Vin Diesel,Boiler Room
Vin Diesel,The Chronicles of Riddick: Into Pitch Black
Vin Diesel,The Iron Giant
Vin Diesel,Saving Private Ryan
Vin Diesel,Strays
Vin Diesel,Multi-Facial
Vin Diesel,Awakenings
Gregory Marshall Smith,No Good Deed
Gregory Marshall Smith,Banshee
Gregory Marshall Smith,Flight
Gregory Marshall Smith,The Odd Life of Timothy Green
Gregory Marshall Smith,What to Expect When You're Expecting
Gregory Marshall Smith,Wanderlust
Gregory Marshall Smith,Papa
Gregory Marshall Smith,Joyful Noise
Gregory Marshall Smith,Hail Mary
Gregory Marshall Smith,Homeland
Gregory Marshall Smith,Contagion
Gregory Marshall Smith,Franklin & Bash
Gregory Marshall Smith,Fast Five
Gregory Marshall Smith,Hall Pass
Gregory Marshall Smith,Life as We Know It
Gregory Marshall Smith,Detroit 1-8-7
Gregory Marshall Smith,Lottery Ticket
Gregory Marshall Smith,Stomp the Yard 2: Homecoming
Gregory Marshall Smith,Past Life
Gregory Marshall Smith,The Prodigy
Gregory Marshall Smith,"Walker, Texas Ranger"
Gregory Marshall Smith,Sonatine
Gregory Marshall Smith,Original Sin
Gregory Marshall Smith,Minbo
Gregory Marshall Smith,American Shaolin
Gregory Marshall Smith,Boiling Point
Alex Schoenauer,The Lost City
Alex Schoenauer,Banshee
Alex Schoenauer,Cleaners
Alex Schoenauer,Paranoia
Alex Schoenauer,Fast Five
Richard Tavernaro,Project ISISX
Richard Tavernaro,Entre Nous
Richard Tavernaro,Slaw
Richard Tavernaro,True Crime with Aphrodite Jones
Richard Tavernaro,The Thin Line
Richard Tavernaro,Comedy Camp
Richard Tavernaro,Snapped: Killer Couples
Richard Tavernaro,C.I.G.A.R.
Richard Tavernaro,Message from Beyond
Richard Tavernaro,The Tortured - Final Cut
Richard Tavernaro,Sid Roth's It's Supernatural
Richard Tavernaro,42
Richard Tavernaro,Danger of a Stranger
Richard Tavernaro,The Tortured
Richard Tavernaro,C.I.G.A.R.
Richard Tavernaro,Giggity
Richard Tavernaro,Drop Dead Diva
Richard Tavernaro,Field of Vision
Richard Tavernaro,Fighting Angels: The Series
Richard Tavernaro,Fast Five
Richard Tavernaro,Fighting Angels: Exodus
Zach Sale,Undefiled
Zach Sale,Ambitions
Zach Sale,Days of Our Lives
Zach Sale,Vengeance: A Love Story
Zach Sale,Bones
Zach Sale,Miracles from Heaven
Zach Sale,Satisfaction
Zach Sale,The Game
Zach Sale,Finding Carter
Zach Sale,Powers
Zach Sale,Resurrection
Zach Sale,Used
Zach Sale,Reaper
Zach Sale,The Death of Gary Goldwater
Zach Sale,Lately
Zach Sale,The Tortured - Final Cut
Zach Sale,Mid-Twenties Misfortune
Zach Sale,Two Lies and a Truth
Zach Sale,Rift
Zach Sale,Temptation: Confessions of a Marriage Counselor
Zach Sale,Isolated
Zach Sale,Alien Dawn
Zach Sale,Head Hunters
Zach Sale,The Tortured
Zach Sale,Papa
Zach Sale,The Vampire Diaries
Zach Sale,Dropping Petals
Zach Sale,Burn Notice
Zach Sale,Cardboard Warfare 2
Zach Sale,Drop Dead Diva
Zach Sale,Burn Notice: The Fall of Sam Axe
Zach Sale,Fast Five
Zach Sale,Killzone Extraction
Ralph Ruiz,Your Worst Nightmare
Ralph Ruiz,The Reconstruction of William Zero
Ralph Ruiz,Sid Roth's It's Supernatural
Ralph Ruiz,Congratulations!
Ralph Ruiz,Necessary Roughness
Ralph Ruiz,A Head Held High
Ralph Ruiz,Left to Die
Ralph Ruiz,Fast Five
Ralph Ruiz,Marry Me
Ralph Ruiz,Bad Boys II
William Palmer Jr.,Let's Be Cops
William Palmer Jr.,The Hunger Games: Catching Fire
William Palmer Jr.,Last Vegas
William Palmer Jr.,Necessary Roughness
William Palmer Jr.,Let It Shine
William Palmer Jr.,The Change-Up
William Palmer Jr.,Fast Five
William Palmer Jr.,The Game
William Palmer Jr.,For Colored Girls
William Palmer Jr.,Drop Dead Diva
William Palmer Jr.,ATL
William Palmer Jr.,Drumline
Jared Moser,Halloween
Jared Moser,Avengers: Infinity War
Jared Moser,Life So Far...
Jared Moser,21 Jump Street
Jared Moser,Transformers: Dark of the Moon
Jared Moser,Pretty Little Liars
Jared Moser,Fast Five
Jason Mignot,The Family
Jason Mignot,Thick Skin
Jason Mignot,Jazzy Bell
Jason Mignot,Rite of Passage: The Steamfunk Movie
Jason Mignot,Fast Five
Jason Mignot,Equalizers
Jason Mignot,Champion Road: Arena
Vaughn Wood,The Next Contestant
Vaughn Wood,Say What
Vaughn Wood,Your Worst Nightmare
Vaughn Wood,Bloodlands
Vaughn Wood,Swamp Murders
Vaughn Wood,Temptation: Confessions of a Marriage Counselor
Vaughn Wood,House of Payne
Vaughn Wood,Chronicles of Passion
Vaughn Wood,Fast Five
Johnny Michaels,Magnum P.I.
Johnny Michaels,Identity Thief
Johnny Michaels,Fast Five
Johnny Michaels,La sorpresa
Johnny Michaels,Sons of Anarchy Season 1: The Bikes
Johnny Michaels,Hotel California
Johnny Michaels,Passions
Johnny Michaels,The O.C.
Johnny Michaels,Galaxy Hunter
Johnny Michaels,The Sweet Spot
Johnny Michaels,Alias
Johnny Michaels,A Man Apart
Johnny Michaels,CSI: Miami
Johnny Michaels,Resurrection Blvd.
Johnny Michaels,After Freedom
Johnny Michaels,Simplicity
Johnny Michaels,Arrest & Trial
Johnny Michaels,Bad Guys
Skyyler Wilmenko,The Agency of International Affairs
Skyyler Wilmenko,CSI: Cyber
Skyyler Wilmenko,F#@K I Love U
Skyyler Wilmenko,Grandfathered
Skyyler Wilmenko,Justice with Judge Mablean
Skyyler Wilmenko,Fast Five
Skyyler Wilmenko,The Game
Iván J. Torres Lasanta,The Last Thing He Wanted
Iván J. Torres Lasanta,Replicas
Iván J. Torres Lasanta,In the Blood
Iván J. Torres Lasanta,Demasiada Tita
Iván J. Torres Lasanta,Fast Five
JT Tomangi,Skeleton in the Closet
JT Tomangi,Mojave Diamonds
JT Tomangi,Shrapnel
JT Tomangi,Crave: The Fast Life
JT Tomangi,Street
JT Tomangi,The Avengers
JT Tomangi,Fast Five
Brian Tester,23 Horas
Brian Tester,Fantasy Island
Brian Tester,The Baker and the Beauty
Brian Tester,Yerba Buena
Brian Tester,The Last Thing He Wanted
Brian Tester,Primal
Brian Tester,Otra Boda en Castañer
Brian Tester,Driven
Brian Tester,The Oath
Brian Tester,Bienvenido Don Goyito
Brian Tester,Wrecked
Brian Tester,Ein Sommer in Florida
Brian Tester,Mad Dogs
Brian Tester,Royal Pains
Brian Tester,In the Blood
Brian Tester,Runner Runner
Brian Tester,Welcome to the Jungle
Brian Tester,The River
Brian Tester,Fast Five
Brian Tester,The Caller
Brian Tester,Off the Map
Brian Tester,Meant to Be
Brian Tester,The Men Who Stare at Goats
Brian Tester,Life During Wartime
Brian Tester,A Perfect Getaway
Brian Tester,One Hot Summer
Brian Tester,Princess Protection Program
Brian Tester,Au Pair 3: Adventure in Paradise
Brian Tester,Behind Enemy Lines: Colombia
Brian Tester,The Reaping
Brian Tester,True Caribbean Pirates
Brian Tester,Cayo
Brian Tester,Revolución en el infierno
Brian Tester,Outside the Law
Justin Melick,The Only Way Back
Justin Melick,TSC: Legacy
Justin Melick,Footloose
Justin Melick,Fast Five
Justin Melick,TSC 3: Dawn of the Apocalypse
Justin Melick,Fighting Angels: The Series
Justin Melick,The Blind Side
Vin Hill,Beast
Vin Hill,Dirty Grandpa
Vin Hill,Twisted Mines
Vin Hill,Constantine
Vin Hill,Fast Five
Jimmy Star,Metal Heavy
Jimmy Star,Clown Motel 2
Jimmy Star,Compatible
Jimmy Star,The Beast Inside
Jimmy Star,Morbius
Jimmy Star,The Batman
Jimmy Star,F9: The Fast Saga
Jimmy Star,The Scene Snobs Podcast Live
Jimmy Star,FCR247 Interviews
Jimmy Star,The Witches
Jimmy Star,Stardust
Jimmy Star,Tenet
Jimmy Star,The Old Guard
Jimmy Star,Eurovision Song Contest: The Story of Fire Saga
Jimmy Star,Stargirl
Jimmy Star,The King of Staten Island
Jimmy Star,Batwoman
Jimmy Star,Valley Girl
Jimmy Star,Bosch
Jimmy Star,S.W.A.T.
Jimmy Star,The Rookie
Jimmy Star,The Resident
Jimmy Star,Star Wars: Episode IX - The Rise of Skywalker
Jimmy Star,Titans
Jimmy Star,The Good Doctor
Jimmy Star,Joker
Jimmy Star,Swamp Thing
Jimmy Star,Once Upon a Time... In Hollywood
Jimmy Star,John Wick: Chapter 3 - Parabellum
Jimmy Star,Aquaman
Jimmy Star,How to Get Away with Murder
Jimmy Star,Justice League
Jimmy Star,Bull
Jimmy Star,Blade Runner 2049
Jimmy Star,Grey's Anatomy
Jimmy Star,It
Jimmy Star,John Wick: Chapter 2
Jimmy Star,The Crash
Jimmy Star,Suicide Squad
Jimmy Star,X-Men: Apocalypse
Jimmy Star,Captain America: Civil War
Jimmy Star,Batman v Superman: Dawn of Justice
Jimmy Star,Riot
Jimmy Star,Straight Outta Compton
Jimmy Star,Mission: Impossible - Rogue Nation
Jimmy Star,Tomorrowland
Jimmy Star,Furious 7
Jimmy Star,The Vampire Diaries
Jimmy Star,John Wick
Jimmy Star,Lucy
Jimmy Star,Guardians of the Galaxy
Jimmy Star,X-Men: Days of Future Past
Jimmy Star,Chef
Jimmy Star,The Glades
Jimmy Star,Fast & Furious 6
Jimmy Star,Iron Man 3
Jimmy Star,Pain & Gain
Jimmy Star,Spring Breakers
Jimmy Star,Step Up Revolution
Jimmy Star,Rock of Ages
Jimmy Star,The Avengers
Jimmy Star,Phoenix Falling
Jimmy Star,Thor
Jimmy Star,Fast Five
Jimmy Star,Son of Morning
Jimmy Star,Saw: The Final Chapter
Jimmy Star,CSI: Miami
Jimmy Star,The Incubus
Jimmy Star,The Twilight Saga: Eclipse
Jimmy Star,Burn Notice
Jimmy Star,Avatar
Jimmy Star,The Twilight Saga: New Moon
Jimmy Star,Confessions of a Shopaholic
Jimmy Star,If I Were Dictator
Jimmy Star,Marley & Me
Jimmy Star,Twilight
Jimmy Star,Work of Art
Jimmy Star,Saw V
Jimmy Star,Sex Drive
Jimmy Star,Death Race
Jimmy Star,Bachelor Party 2: The Last Temptation
Jimmy Star,Never Back Down
Jimmy Star,Pretty in Red
Jimmy Star,Prison Break
Jimmy Star,Boston Legal
Jimmy Star,Dexter
Jimmy Star,Spider-Man 3
Jimmy Star,The Covenant
Jimmy Star,Kyle XY
Jimmy Star,Miami Vice
Jimmy Star,Superman Returns
Jimmy Star,X-Men: The Last Stand
Jimmy Star,Mission: Impossible III
Jimmy Star,King Kong
Jimmy Star,Transporter 2
Jimmy Star,Red Eye
Jimmy Star,Batman Begins
Jimmy Star,Star Wars: Episode III - Revenge of the Sith
Jimmy Star,The Amityville Horror
Jimmy Star,Cursed
Jimmy Star,Meet the Fockers
Jimmy Star,Spider-Man 2
Jimmy Star,The Punisher
Jimmy Star,Bad Boys II
Jimmy Star,Daredevil
Jimmy Star,Catch Me If You Can
Jimmy Star,Maid in Manhattan
Jimmy Star,Star Wars: Episode II - Attack of the Clones
Jimmy Star,Law & Order: Special Victims Unit
Jimmy Star,Summer Catch
Jimmy Star,Jeepers Creepers
Jimmy Star,Legally Blonde
Jimmy Star,The Fast and the Furious
Jimmy Star,Almost Famous
Jimmy Star,The Watcher
Jimmy Star,Coyote Ugly
Jimmy Star,X-Men
Jimmy Star,Golfballs!
Jimmy Star,ER
Jimmy Star,Enemy of the State
Jimmy Star,Godzilla
Jimmy Star,Wild Things
Jimmy Star,Starship Troopers
Jimmy Star,G.I. Jane
Jimmy Star,Law & Order
Jimmy Star,D3: The Mighty Ducks
Jimmy Star,Heat
Jimmy Star,The Specialist
Jimmy Star,Ace Ventura: Pet Detective
Jimmy Star,Rudy
Jimmy Star,The Bodyguard
Jimmy Star,The Mighty Ducks
Jimmy Star,Doc Hollywood
Jimmy Star,Prayer of the Rollerboys
Jimmy Star,Swamp Thing
Jimmy Star,Superboy
Jimmy Star,Gross Anatomy
Jimmy Star,Miami Vice
Jimmy Star,Batman
Jimmy Star,Gleaming the Cube
Jimmy Star,North Shore
Jimmy Star,The Lost Boys
Jimmy Star,21 Jump Street
Jimmy Star,Solarbabies
Jimmy Star,Thrashin'
Jimmy Star,Ferris Bueller's Day Off
Jimmy Star,The A-Team
Jimmy Star,Tuff Turf
Jimmy Star,Ghostbusters
Jimmy Star,Scarface
Jimmy Star,The Car
Jimmy Star,Starsky and Hutch
Georgy Fontanals,Blind Trust
Georgy Fontanals,Term Life
Georgy Fontanals,Triple 9
Georgy Fontanals,The Bubble
Georgy Fontanals,Hindsight
Georgy Fontanals,Kill the Messenger
Georgy Fontanals,Let's Be Cops
Georgy Fontanals,The Red Road
Georgy Fontanals,Fast Five
Georgy Fontanals,Linked-Up
Georgy Fontanals,Meet the Browns
Antonio Echeverria,The Hunger Games
Antonio Echeverria,Fast Five
Antonio Echeverria,Takers
Antonio Echeverria,Bad Lieutenant: Port of Call New Orleans
Antonio Echeverria,Fast & Furious
Antonio Echeverria,The Librarian III: The Curse of the Judas Chalice
Antonio Echeverria,Glory Road
Antonio Echeverria,The Magician King
Antonio Echeverria,Freshman Orientation
Antonio Echeverria,Dracula 2000
Blue Kimble,A Christmas Gift
Blue Kimble,Bid for Love
Blue Kimble,Ruthless
Blue Kimble,Agent Game
Blue Kimble,Monogamy
Blue Kimble,A Christmas Wish
Blue Kimble,Christmas Déjà Vu
Blue Kimble,The Deadliest Lie
Blue Kimble,Breathe
Blue Kimble,Live
Blue Kimble,P-Valley
Blue Kimble,My Brother's Keeper
Blue Kimble,The Real Bros of Simi Valley
Blue Kimble,Trade
Blue Kimble,Steppin' Back to Love
Blue Kimble,The Rookie
Blue Kimble,Smile
Blue Kimble,A Black Lady Sketch Show
Blue Kimble,The Bobby DeBarge Story
Blue Kimble,Nighthawks
Blue Kimble,My Online Valentine
Blue Kimble,The Killing Secret
Blue Kimble,Atonement
Blue Kimble,Smoke
Blue Kimble,Greed: Heavy Is the Hand
Blue Kimble,Twisted Mines
Blue Kimble,The Run Saga: Breathe
Blue Kimble,Mann and Wife
Blue Kimble,Media
Blue Kimble,Push
Blue Kimble,Devious Maids
Blue Kimble,Closet Space: The Movie
Blue Kimble,#killerpost
Blue Kimble,Love N Success
Blue Kimble,Thirsty the Movie
Blue Kimble,Angry Insecure Men 2
Blue Kimble,Returned
Blue Kimble,Crimes and Mister Meanors
Blue Kimble,What Love Will Make You Do
Blue Kimble,Breathe
Blue Kimble,"The Wish, a Story of Hope, Faith and Generosity"
Blue Kimble,T.R.A.D.E It All
Blue Kimble,The 4th Quarter (Pilot)
Blue Kimble,Staying in Lane
Blue Kimble,Loud
Blue Kimble,Being Mary Jane
Blue Kimble,Advocate & Solicitor
Blue Kimble,Strain
Blue Kimble,Greed: Introduction
Blue Kimble,When Love Was Simple
Blue Kimble,The Game
Blue Kimble,Old National
Blue Kimble,Out Life
Blue Kimble,Fast Five
Kevin W. Clark,Necessary Roughness
Kevin W. Clark,Fast Five
Benjamin Easterday,Blackwater Blues Indiegogo Presentation
Benjamin Easterday,Sugar Baby Murder
Benjamin Easterday,Cabaret of the Dead
Benjamin Easterday,Fire Twister
Benjamin Easterday,Jurassic City
Benjamin Easterday,Crimes of the Mind
Lincoln de Oliveira,The Stalker Part II
Lincoln de Oliveira,Fast Five
Lincoln de Oliveira,Manhattan Crack'r
Lincoln de Oliveira,Evil Keg
Lincoln de Oliveira,My Christmas Soldier
Benjamin Easterday,Avalanche Sharks
Benjamin Easterday,Where the Devil Lies
Benjamin Easterday,Poseidon Rex
Benjamin Easterday,Defending Santa
Benjamin Easterday,Out of Reach
Benjamin Easterday,Dracano
Benjamin Easterday,Sink Hole
Benjamin Easterday,Dragon Wasps
Benjamin Easterday,The Buzz on Dragon Wasps
Benjamin Easterday,Nuclear Family
Benjamin Easterday,Fast Five
Benjamin Easterday,All My Children
Benjamin Easterday,Gene Simmons: Family Jewels
Benjamin Easterday,Vice
Benjamin Easterday,Love Sick: Secrets of a Sex Addict
Benjamin Easterday,That One Night
Benjamin Easterday,Whistler
Benjamin Easterday,Flash Gordon: A Modern Space Opera
Benjamin Easterday,Crossed
Benjamin Easterday,Puck This
Benjamin Easterday,Stargate SG-1
Benjamin Easterday,Part of the Game
Benjamin Easterday,Killer Instinct
Benjamin Easterday,The Dead Zone
Benjamin Easterday,Tru Calling
Orlando Vargas Diaz,Forgive Me Father
Orlando Vargas Diaz,Kill the Messenger
Orlando Vargas Diaz,The Good Lie
Orlando Vargas Diaz,Beyond the Gate
Orlando Vargas Diaz,Highway
Orlando Vargas Diaz,Single Ladies
Orlando Vargas Diaz,Sisters of Suburbia
Orlando Vargas Diaz,South of Southern
Orlando Vargas Diaz,The Razzle
Orlando Vargas Diaz,South of Southern
Orlando Vargas Diaz,96 Minutes
Orlando Vargas Diaz,The Change-Up
Orlando Vargas Diaz,Franklin & Bash
Orlando Vargas Diaz,Fast Five
Orlando Vargas Diaz,My Future Boyfriend
Orlando Vargas Diaz,"Big Mommas: Like Father, Like Son"
Orlando Vargas Diaz,The Lost Valentine
Orlando Vargas Diaz,Christmas Cupid
Orlando Vargas Diaz,Heartbreak Motel
Orlando Vargas Diaz,Drop Dead Diva
Kent Shocknek,Raveland
Kent Shocknek,Bull
Kent Shocknek,Psycho Sweet 16
Kent Shocknek,Sherman's Showcase
Kent Shocknek,Very Close Friends
Kent Shocknek,Mona Lisa and the Blood Moon
Kent Shocknek,Bosch
Kent Shocknek,The Chosen One?
Kent Shocknek,Shrill
Kent Shocknek,Take Me to Tarzana
Kent Shocknek,Secrets of Sulphur Springs
Kent Shocknek,Tommy
Kent Shocknek,Manhunt
Kent Shocknek,Manifest
Kent Shocknek,Liberty Falls
Kent Shocknek,The Righteous Gemstones
Kent Shocknek,Documentary Now!
Kent Shocknek,NCIS
Kent Shocknek,Madam Secretary
Kent Shocknek,The Purge
Kent Shocknek,Con Man
Kent Shocknek,9-1-1
Kent Shocknek,Law & Order True Crime
Kent Shocknek,Brooklyn Nine-Nine
Kent Shocknek,Batman v Superman: Dawn of Justice
Kent Shocknek,Supergirl
Kent Shocknek,The Vatican Tapes
Kent Shocknek,NCIS: Los Angeles
Kent Shocknek,The Cookie Mobster
Kent Shocknek,Legends
Kent Shocknek,The Six O'Clock
Kent Shocknek,Nightcrawler
Kent Shocknek,Intelligence
Kent Shocknek,Under the Dome
Kent Shocknek,Criminal Minds
Kent Shocknek,Jobs
Kent Shocknek,The Amazing Spider-Man
Kent Shocknek,Ultraman Saga
Kent Shocknek,Brake
Kent Shocknek,The Mentalist
Kent Shocknek,Fast Five
Kent Shocknek,The Chosen One
Kent Shocknek,The Company Men
Kent Shocknek,CSI: NY
Kent Shocknek,Mega Monster Battle: Ultra Galaxy Legends - The Movie
Kent Shocknek,Medium
Kent Shocknek,Flashforward
Kent Shocknek,Washington Field
Kent Shocknek,Imagine That
Kent Shocknek,Meteor
Kent Shocknek,The Sarah Silverman Program.
Kent Shocknek,The Unit
Kent Shocknek,Parasomnia
Kent Shocknek,Dirty Sexy Money
Kent Shocknek,Eagle Eye
Kent Shocknek,Grave Misconduct
Kent Shocknek,Winged Creatures
Kent Shocknek,ER
Kent Shocknek,Superhero Movie
Kent Shocknek,Monk
Kent Shocknek,Shark
Kent Shocknek,Disturbia
Kent Shocknek,Primeval
Kent Shocknek,Commander in Chief
Kent Shocknek,xXx: State of the Union
Kent Shocknek,The West Wing
Kent Shocknek,"Wake Up, Ron Burgundy"
Kent Shocknek,First Daughter
Kent Shocknek,Anchorman: The Legend of Ron Burgundy
Kent Shocknek,The Terminal
Kent Shocknek,Envy
Kent Shocknek,Blossom
Jay Jackson,Gaslit
Jay Jackson,Minx
Jay Jackson,Inventing Anna
Jay Jackson,Liza on Demand
Jay Jackson,American Crime Story
Jay Jackson,The Morning Show
Jay Jackson,9-1-1: Lone Star
Jay Jackson,Without Remorse
Jay Jackson,Station 19
Jay Jackson,Black Monday
Jay Jackson,The L Word: Generation Q
Jay Jackson,Silicon Valley
Jay Jackson,Don't Touch
Jay Jackson,What/If
Jay Jackson,The Neighborhood
Jay Jackson,Good Girls
Jay Jackson,I'm 13 YO!
Jay Jackson,Scandal
Jay Jackson,Criminal Minds
Jay Jackson,The 5th Quarter
Jay Jackson,Jay Motel & The Blue Skies
Jay Jackson,The Orville
Jay Jackson,Cool Dad
Jay Jackson,The Catch
Jay Jackson,It's Always Sunny in Philadelphia
Jay Jackson,Rosewood
Jay Jackson,Mary + Jane
Jay Jackson,Bones
Jay Jackson,Bad Internet
Jay Jackson,News Hits
Jay Jackson,Supergirl
Jay Jackson,Colony
Jay Jackson,Hacked
Jay Jackson,Daddy
Jay Jackson,Blunt Talk
Jay Jackson,Pretty Little Liars
Jay Jackson,Parks and Recreation
Jay Jackson,Beyond
Jay Jackson,Revenge
Jay Jackson,Sequestered
Jay Jackson,This Magic Moment
Jay Jackson,Battleship
Jay Jackson,Fred: The Show
Jay Jackson,Body of Proof
Jay Jackson,The Mentalist
Jay Jackson,Fast Five
Jay Jackson,The Closer
Jay Jackson,Dexter
Tommy Dallace,Dawn of the Planet of the Apes
Tommy Dallace,Fast & Furious 6
Tommy Dallace,Zero Dark Thirty
Tommy Dallace,Warrior
Tommy Dallace,Fast Five
Tommy Dallace,The Fighter
Tommy Dallace,The Town
Tommy Dallace,New Day
Tommy Dallace,Public Enemies
Tommy Dallace,The Hurt Locker
Tommy Dallace,Assassins' Reunion
Tommy Dallace,Third Degree
Tommy Dallace,Black Hawk Down
Tommy Dallace,Coven
Tommy Dallace,Fight Club
Tommy Dallace,Family of Cops
Andy Rosa Adler,Fast Five
Arturo Gaskins,Fast Five
Arturo Gaskins,La Fiebre 2
Pedro García,Ofrenda: Altar of the Dead
Pedro García,An Awesome Action Movie (Una Buena Pelicula de Accion)
Pedro García,Jornalero
Pedro García,Tejano
Pedro García,A Ghost and the Boy with A Box on His Head
Pedro García,Breaking Bad
Pedro García,Fast Five
Pedro García,All She Can
Pedro García,My Generation
Pedro García,Daddy's Home
Pedro García,"Sex, Trafficking and Luchadores"
Pedro García,Clemente
Pedro García,Mad Love
Benjamin Blankenship,San Andreas
Benjamin Blankenship,Furious 7
Benjamin Blankenship,Hercules
Benjamin Blankenship,Man of Steel
Benjamin Blankenship,Pain & Gain
Benjamin Blankenship,G.I. Joe: Retaliation
Benjamin Blankenship,Snitch
Benjamin Blankenship,Fast Five
Benjamin Blankenship,RED
Luis Gonzaga,Picando alante
Luis Gonzaga,Súbete a mi Moto
Luis Gonzaga,Seneca
Luis Gonzaga,María
Luis Gonzaga,Más de un siglo
Luis Gonzaga,Nicky Jam: El Ganador
Luis Gonzaga,Replicas
Luis Gonzaga,¿Quién Eres Tú?
Luis Gonzaga,Fragments of Love
Luis Gonzaga,Mad Dogs
Luis Gonzaga,El Fondillo Maravilloso
Luis Gonzaga,Cows Wearing Glasses
Luis Gonzaga,Reclaim
Luis Gonzaga,Gente buena
Luis Gonzaga,Sin Dolor
Luis Gonzaga,I Am a Director
Luis Gonzaga,The Rum Diary
Luis Gonzaga,Fast Five
Luis Gonzaga,América
Luis Gonzaga,El malcriao
Luis Gonzaga,Infliltrados
Luis Gonzaga,It's Better When You Hear It
Luis Gonzaga,204
Luis Gonzaga,Kabo & Platon
Luis Gonzaga,Lovesickness
Luis Gonzaga,Entremedio
Luis Gonzaga,El pan nuestro
Luis Gonzaga,Dirty Dancing: Havana Nights
Luis Gonzaga,La Fiebre
Luis Gonzaga,La noche que tumbaron al campeón
Luis Gonzaga,¿Quién le tiene miedo al Cuco?
Carlos Sanchez,Scorpion
Carlos Sanchez,American Crime
Carlos Sanchez,Eastbound & Down
Carlos Sanchez,Fast Five
Carlos Sanchez,Mr. Sadman
Carlos Sanchez,Phone Call
Esteban Cueto,Burn Rider
Esteban Cueto,No Name and Dynamite Davenport
Esteban Cueto,Going Rogue
Esteban Cueto,Warrior
Esteban Cueto,Dwight in Shining Armor
Esteban Cueto,The 2nd
Esteban Cueto,The Warrant
Esteban Cueto,Doctor Sleep
Esteban Cueto,3 from Hell
Esteban Cueto,Snowfall
Esteban Cueto,Black Lightning
Esteban Cueto,Weird City
Esteban Cueto,Stargate Origins: Catherine
Esteban Cueto,The Debt Collector
Esteban Cueto,Omega Unit: The Last Option
Esteban Cueto,Knight Squad
Esteban Cueto,Stargate Origins
Esteban Cueto,Zambo Dende: Predictable night
Esteban Cueto,Vengeance is Ignorance
Esteban Cueto,The Sandra West Diaries
Esteban Cueto,Savage Dog
Esteban Cueto,Tom Clancy's Ghost Recon Wildlands: War Within the Cartel
Esteban Cueto,Dogpit
Esteban Cueto,Liv and Maddie
Esteban Cueto,Banshee
Esteban Cueto,Key and Peele
Esteban Cueto,Battlefield: Hardline
Esteban Cueto,Project: Phoenix
Esteban Cueto,The Night Guardian
Esteban Cueto,Swelter
Esteban Cueto,Dead Drop
Esteban Cueto,Sassy Batman
Esteban Cueto,Seers of the Ninth Island
Esteban Cueto,The Ladies Room
Esteban Cueto,Zombie Night
Esteban Cueto,Ambushed
Esteban Cueto,Getaway
Esteban Cueto,Battle of the Damned
Esteban Cueto,Close to Home
Esteban Cueto,Sparks
Esteban Cueto,Castle
Esteban Cueto,Squad 85
Esteban Cueto,Universal Soldier: Day of Reckoning
Esteban Cueto,Bad Ass
Esteban Cueto,Kickin' It
Esteban Cueto,Supah Ninjas
Esteban Cueto,NTSF:SD:SUV
Esteban Cueto,Fast Five
Esteban Cueto,Bloodwar: The Killing Zone
Esteban Cueto,The Key
Esteban Cueto,Supreme Champion
Esteban Cueto,Undisputed 3: Redemption
Esteban Cueto,The Sarah Silverman Program.
Esteban Cueto,Blood and Bone
Esteban Cueto,Hellbinders
Esteban Cueto,Evilution
Esteban Cueto,Ring of Death
Esteban Cueto,Lords of the Underworld
Esteban Cueto,Vengeance
Esteban Cueto,Fist of the Warrior
Esteban Cueto,Delta Farce
Esteban Cueto,Dead & Deader
Esteban Cueto,18 Fingers of Death!
Esteban Cueto,Confessions of a Pit Fighter
Esteban Cueto,BloodRayne
Esteban Cueto,Miss Congeniality 2: Armed & Fabulous
Esteban Cueto,Rhythm City Volume One: Caught Up
Esteban Cueto,Timecop: The Berlin Decision
Esteban Cueto,A Man Apart
Esteban Cueto,Emperor: Battle for Dune
Esteban Cueto,xXx
Esteban Cueto,The Scorpion King
Esteban Cueto,Collateral Damage
Joseph Melendez,City at Night
Joseph Melendez,Hell Wanted
Joseph Melendez,Good Egg
Joseph Melendez,NCIS
Joseph Melendez,The Blacklist
Joseph Melendez,Power Book III: Raising Kanan
Joseph Melendez,Prodigal Son
Joseph Melendez,Lucifer
Joseph Melendez,S.W.A.T.
Joseph Melendez,Madam Secretary
Joseph Melendez,Blood Bound
Joseph Melendez,Blindspot
Joseph Melendez,The Americans
Joseph Melendez,For The People
Joseph Melendez,NCIS: New Orleans
Joseph Melendez,MacGyver
Joseph Melendez,The Sinner
Joseph Melendez,Ozark
Joseph Melendez,Orange Is the New Black
Joseph Melendez,Our Time
Joseph Melendez,Akron
Joseph Melendez,Alternatino
Joseph Melendez,Elementary
Joseph Melendez,How to Get Away with Murder
Joseph Melendez,Runoff
Joseph Melendez,Person of Interest
Joseph Melendez,Squatters
Joseph Melendez,Skype War
Joseph Melendez,Hostages
Joseph Melendez,Grand Theft Auto V
Joseph Melendez,Blue Bloods
Joseph Melendez,Hysteresis
Joseph Melendez,Pan Am
Joseph Melendez,We Need to Talk About Kevin
Joseph Melendez,Fast Five
Joseph Melendez,The Rake
Joseph Melendez,Red Dead Redemption
Joseph Melendez,Deception
Joseph Melendez,Prison Break
Joseph Melendez,The Brave One
Joseph Melendez,Proof of Birth
Joseph Melendez,Beauty
Joseph Melendez,Red Dead Revolver
Joseph Melendez,Second Noah
Luis Da Silva Jr.,Herstory
Luis Da Silva Jr.,A Family's Fury
Luis Da Silva Jr.,Starvation Beach
Luis Da Silva Jr.,Red Winter
Luis Da Silva Jr.,The Lurking Fear
Luis Da Silva Jr.,Little Dixie
Luis Da Silva Jr.,One Way
Luis Da Silva Jr.,The Yacht
Luis Da Silva Jr.,Respect the Jux
Luis Da Silva Jr.,Sole Searchers
Luis Da Silva Jr.,Good News
Luis Da Silva Jr.,Fortress
Luis Da Silva Jr.,Miami Heat
Luis Da Silva Jr.,The Fanatic
Luis Da Silva Jr.,The Poison Rose
Luis Da Silva Jr.,L.A.'s Finest
Luis Da Silva Jr.,Trading Paint
Luis Da Silva Jr.,The Blacklist
Luis Da Silva Jr.,Speed Kills
Luis Da Silva Jr.,Gotti
Luis Da Silva Jr.,Hidden America with Jonah Ray
Luis Da Silva Jr.,The Girl Who Invented Kissing
Luis Da Silva Jr.,Convergence
Luis Da Silva Jr.,Aztec Warrior
Luis Da Silva Jr.,Power
Luis Da Silva Jr.,Kickboxer: Vengeance
Luis Da Silva Jr.,Paterson
Luis Da Silva Jr.,Wolves
Luis Da Silva Jr.,I Am Wrath
Luis Da Silva Jr.,Girls
Luis Da Silva Jr.,Triple 9
Luis Da Silva Jr.,American Hero
Luis Da Silva Jr.,Mr. Right
Luis Da Silva Jr.,Person of Interest
Luis Da Silva Jr.,Left Behind
Luis Da Silva Jr.,American Heist
Luis Da Silva Jr.,Graceland
Luis Da Silva Jr.,Aftermath
Luis Da Silva Jr.,The Devil Goes Down
Luis Da Silva Jr.,The Heat
Luis Da Silva Jr.,Burn Notice
Luis Da Silva Jr.,Body of Proof
Luis Da Silva Jr.,Dead Man Down
Luis Da Silva Jr.,America's Most Wanted: America Fights Back
Luis Da Silva Jr.,The Baytown Outlaws
Luis Da Silva Jr.,Common Law
Luis Da Silva Jr.,The Big C
Luis Da Silva Jr.,Dragon Eyes
Luis Da Silva Jr.,Breakout Kings
Luis Da Silva Jr.,21 Jump Street
Luis Da Silva Jr.,Goldberg - P.I.
Luis Da Silva Jr.,Hound Dogs
Luis Da Silva Jr.,The Cookout 2
Luis Da Silva Jr.,Treme
Luis Da Silva Jr.,Fast Five
Luis Da Silva Jr.,The Mortician
Luis Da Silva Jr.,Mercy
Luis Da Silva Jr.,Loving the Bad Man
Luis Da Silva Jr.,"Clear Lake, WI"
Luis Da Silva Jr.,Pride and Glory
Luis Da Silva Jr.,The Brave One
Luis Da Silva Jr.,AND 1 Streetball
Luis Da Silva Jr.,L.A. Rush
Luis Da Silva Jr.,NBA Ballers
Luis Da Silva Jr.,Law & Order: Criminal Intent
Luis Da Silva Jr.,American's Most Wanted
Corey Michael Eubanks,9-1-1: Lone Star
Corey Michael Eubanks,Better Call Saul
Corey Michael Eubanks,Lethal Weapon
Corey Michael Eubanks,Touch
Corey Michael Eubanks,iCarly
Corey Michael Eubanks,The Reunion
Corey Michael Eubanks,Fast Five
Corey Michael Eubanks,No Ordinary Family
Corey Michael Eubanks,G-Force
Corey Michael Eubanks,2 Fast 2 Furious
Corey Michael Eubanks,"Walker, Texas Ranger"
Corey Michael Eubanks,Suicide Kings
Corey Michael Eubanks,Renegade
Corey Michael Eubanks,Forced to Kill
Corey Michael Eubanks,Silk Stalkings
Corey Michael Eubanks,Payback
Corey Michael Eubanks,Maniac Cop
Corey Michael Eubanks,The Sting II
Mark Hicks,The Oval
Mark Hicks,Black and Blue
Mark Hicks,Escape Plan 2: Hades
Mark Hicks,Black Lightning
Mark Hicks,Galveston
Mark Hicks,Superstition
Mark Hicks,24: Legacy
Mark Hicks,Cell
Mark Hicks,Allegiant
Mark Hicks,Extraction
Mark Hicks,Banshee
Mark Hicks,The Originals
Mark Hicks,Single Ladies
Mark Hicks,Ride Along
Mark Hicks,Fast Five
Mark Hicks,Breaking In
Mark Hicks,Afro Ninja
Mark Hicks,Weezer: Pork and Beans
Mark Hicks,Boston Legal
Mark Hicks,Plan B
Mark Hicks,Crossing Jordan
Mark Hicks,Ultraviolet
Mark Hicks,Terminator 3: Rise of the Machines
Mark Hicks,Cradle 2 the Grave
Mark Hicks,Love and a Bullet
Mark Hicks,Air Rage
Mark Hicks,Carman: The Champion
Mark Hicks,Gen-Y Cops
Mark Hicks,Nash Bridges
Mark Hicks,ER
Mark Hicks,Snoops
Mark Hicks,Body Shots
Mark Hicks,Profiler
Mark Hicks,Batman Forever
Mark Hicks,Split Decisions
Mark Hicks,L.A. Streetfighters
Alimi Ballard,A Perfect Weapon
Alimi Ballard,"I, Declare War"
Alimi Ballard,Kings of L.A.
Alimi Ballard,The Rookie
Alimi Ballard,One Of Us Is Lying
Alimi Ballard,Animal Kingdom
Alimi Ballard,Queen of the South
Alimi Ballard,Theatre Corner on KPBS
Alimi Ballard,NCIS: Los Angeles
Alimi Ballard,All Rise
Alimi Ballard,Kill Chain
Alimi Ballard,The Resident
Alimi Ballard,Doom Patrol
Alimi Ballard,S.W.A.T.
Alimi Ballard,Mom
Alimi Ballard,The Good Doctor
Alimi Ballard,Elementary
Alimi Ballard,Do It Better
Alimi Ballard,Smokd
Alimi Ballard,Queen Sugar
Alimi Ballard,Lucifer
Alimi Ballard,Call Me King
Alimi Ballard,Criminal Minds
Alimi Ballard,The Catch
Alimi Ballard,Touched
Alimi Ballard,CSI: Crime Scene Investigation
Alimi Ballard,Castle
Alimi Ballard,The Santa Con
Alimi Ballard,Scorpion
Alimi Ballard,Lost Angels
Alimi Ballard,Hello Ladies
Alimi Ballard,Melissa & Joey
Alimi Ballard,24 Seven
Alimi Ballard,Present Trauma
Alimi Ballard,Bones
Alimi Ballard,Black & White
Alimi Ballard,Hollywood Heights
Alimi Ballard,CSI: Crime Scene Investigation - Season 12: Putting on a Freak Show
Alimi Ballard,Drop Dead Diva
Alimi Ballard,Rizzoli & Isles
Alimi Ballard,In Plain Sight
Alimi Ballard,Interception
Alimi Ballard,Marvel Super Hero Squad: Comic Combat
Alimi Ballard,The Super Hero Squad Show
Alimi Ballard,NCIS
Alimi Ballard,Marvel Super Hero Squad Online
Alimi Ballard,Fast Five
Alimi Ballard,Marvel Super Hero Squad: The Infinity Gauntlet
Alimi Ballard,Numb3rs
Alimi Ballard,Marvel Super Hero Squad
Alimi Ballard,Black Cloud
Alimi Ballard,American Dreams
Alimi Ballard,Boomtown
Alimi Ballard,She Spies
Alimi Ballard,Studio City
Alimi Ballard,The Division
Alimi Ballard,Three Days of Rain
Alimi Ballard,Philly
Alimi Ballard,Automatic
Alimi Ballard,Dark Angel
Alimi Ballard,Men of Honor
Alimi Ballard,Before Now
Alimi Ballard,NYPD Blue
Alimi Ballard,Little Richard
Alimi Ballard,Nash Bridges
Alimi Ballard,Malcolm & Eddie
Alimi Ballard,Sabrina the Teenage Witch
Alimi Ballard,Deep Impact
Alimi Ballard,Arsenio
Alimi Ballard,The City
Alimi Ballard,Loving
Alimi Ballard,New York Undercover
Michael Irby,Breaking Tradition
Michael Irby,Mayans M.C.
Michael Irby,Barry
Michael Irby,The Expanse
Michael Irby,Duke
Michael Irby,Mayans M.C. - Season 2: Mayhem Preview - FX
Michael Irby,Mayans M.C. - Inside Season 1: The Bikes
Michael Irby,SEAL Team
Michael Irby,Mayans M.C. - Inside Season 1: Training The Cast
Michael Irby,Mayans M.C. - Inside Season 1: The Mayans Table Read
Michael Irby,Mayans M.C. - Inside Season 1: Meet the Brotherhood
Michael Irby,Mayans M.C. - Inside Season 1: Mayans Organizational Structure
Michael Irby,Taken
Michael Irby,The Player
Michael Irby,Rosewood
Michael Irby,Rizzoli & Isles
Michael Irby,Halt and Catch Fire
Michael Irby,True Detective
Michael Irby,CSI: Cyber
Michael Irby,The Following
Michael Irby,State of Affairs
Michael Irby,Stalker
Michael Irby,The Lottery
Michael Irby,Criminal Minds
Michael Irby,Almost Human
Michael Irby,The Glades
Michael Irby,Hawaii Five-0
Michael Irby,Vegas
Michael Irby,Elementary
Michael Irby,Castle
Michael Irby,Widow Detective
Michael Irby,Person of Interest
Michael Irby,K-11
Michael Irby,The Mentalist
Michael Irby,CSI: Crime Scene Investigation
Michael Irby,Common Law
Michael Irby,The Finder
Michael Irby,Dirty People
Michael Irby,Butterfly
Michael Irby,Prime Suspect
Michael Irby,The Good Wife
Michael Irby,The Protector
Michael Irby,Bones
Michael Irby,CSI: NY
Michael Irby,Fast Five
Michael Irby,The Cape
Michael Irby,Chase
Michael Irby,Faster
Michael Irby,Louis
Michael Irby,Lie to Me
Michael Irby,24
Michael Irby,NCIS: Los Angeles
Michael Irby,Law Abiding Citizen
Michael Irby,Raising the Bar
Michael Irby,The Unit
Michael Irby,Once Upon a Wedding
Michael Irby,Tempest (Study for 'The Raft')
Michael Irby,Flightplan
Michael Irby,Line of Fire
Michael Irby,The Raft
Michael Irby,Klepto
Michael Irby,Final Draft
Michael Irby,Observance
Michael Irby,Haunted
Michael Irby,CSI: Miami
Michael Irby,MDs
Michael Irby,The Last Castle
Michael Irby,Piñero
Michael Irby,Mourning Glory
Michael Irby,Law & Order
Michael Irby,F/X: The Series
Michael Irby,Guiding Light
Michael Irby,Silent Predator
Geoff Meed,Scream Test
Geoff Meed,Pam & Tommy
Geoff Meed,Animal Kingdom
Geoff Meed,The Rebels of PT-218
Geoff Meed,S.W.A.T.
Geoff Meed,Asteroid-a-Geddon
Geoff Meed,D-Day: Battle of Omaha Beach
Geoff Meed,Combat Nuns All Or Nothing
Geoff Meed,Chicago P.D.
Geoff Meed,Hotchfeld
Geoff Meed,Eagleheart
Geoff Meed,Awake
Geoff Meed,Wonder Woman
Geoff Meed,Femme Fatales
Geoff Meed,Days of Our Lives
Geoff Meed,Fast Five
Geoff Meed,Backfire
Geoff Meed,Airline Disaster
Geoff Meed,Unthinkable
Geoff Meed,6 Guns
Geoff Meed,The Mentalist
Geoff Meed,The Forgotten
Geoff Meed,The Closer
Geoff Meed,CSI: NY
Geoff Meed,Miss March
Geoff Meed,The Day the Earth Stood Still
Geoff Meed,Unknown Sender
Geoff Meed,Depth Charge
Geoff Meed,100 Million BC
Geoff Meed,Bones
Geoff Meed,I Am Omega
Geoff Meed,Resident Evil: Extinction
Geoff Meed,Saints Row
Geoff Meed,Criminal Minds
Geoff Meed,Little Miss Sunshine
Geoff Meed,Malcolm in the Middle
Geoff Meed,Judging Amy
Geoff Meed,LAX
Geoff Meed,Without a Trace
Geoff Meed,NYPD Blue
Geoff Meed,The Young and the Restless
Geoff Meed,NCIS
Geoff Meed,CSI: Miami
Geoff Meed,Port Charles
Geoff Meed,The District
Geoff Meed,The Shield
Geoff Meed,Star Trek: Enterprise
Geoff Meed,ER
Geoff Meed,Buffy the Vampire Slayer
Geoff Meed,CSI: Crime Scene Investigation
Geoff Meed,Strip Mall
Geoff Meed,The Huntress
Geoff Meed,Brother
Geoff Meed,Star Trek Voyager: Elite Force
Geoff Meed,Passions
Geoff Meed,Charmed
Geoff Meed,V.I.P.
Geoff Meed,The Magnificent Seven
Geoff Meed,Quarterback Attack with Mike Ditka
Geoff Meed,Babylon 5
Geoff Meed,Leprechaun 4: In Space
Geoff Meed,"Walker, Texas Ranger"
Geoff Meed,"Dr. Quinn, Medicine Woman"
Geoff Meed,The Redemption: Kickboxer 5
Geoff Meed,Come Die with Me: A Mickey Spillane's Mike Hammer Mystery
Geoff Meed,Dragonstrike
Geoff Meed,Renegade
Geoff Meed,China Beach
Geoff Meed,Fatal Skies
Geoff Meed,Angels of the City
Fernando Chien,The Blacklist
Fernando Chien,Shang-Chi and the Legend of the Ten Rings
Fernando Chien,Hawaii Five-0
Fernando Chien,MacGyver
Fernando Chien,Rogue Warfare: Death of a Nation
Fernando Chien,Rogue Warfare: The Hunt
Fernando Chien,FBI
Fernando Chien,Rogue Warfare
Fernando Chien,Abominable
Fernando Chien,American Dad!
Fernando Chien,Iron Fist
Fernando Chien,Spider-Man
Fernando Chien,Unspoken: Diary of an Assassin
Fernando Chien,We Bare Bears
Fernando Chien,Sun Dogs
Fernando Chien,Dirty Lies
Fernando Chien,NCIS: New Orleans
Fernando Chien,The Concessionaires Must Die!
Fernando Chien,The Accountant
Fernando Chien,The Last Ship
Fernando Chien,We Are Fathers
Fernando Chien,A Need for Blood
Fernando Chien,Therapy Required
Fernando Chien,Outcast
Fernando Chien,Transcendence
Fernando Chien,Cinnamon Girl
Fernando Chien,Ray Donovan
Fernando Chien,Star Trek Into Darkness
Fernando Chien,Iron Man 3
Fernando Chien,Red Dawn
Fernando Chien,The Division
Fernando Chien,The Indestructible Jimmy Brown
Fernando Chien,Warrior
Fernando Chien,True Justice
Fernando Chien,Fast Five
Fernando Chien,The Cape
Fernando Chien,The Legend of Neil
Fernando Chien,Bunraku
Fernando Chien,Good and Evil
Fernando Chien,NCIS: Los Angeles
Fernando Chien,Melrose Place
Fernando Chien,Angel of Death
Fernando Chien,Indiana Jones and the Staff of Kings
Fernando Chien,The Guild
Fernando Chien,My Own Worst Enemy
Fernando Chien,Revenge Tragedies
Fernando Chien,The Mummy: Tomb of the Dragon Emperor
Fernando Chien,Beyond the Ring
Fernando Chien,Pistol Whipped
Fernando Chien,Reign
Fernando Chien,T.K.O.
Fernando Chien,Honor
Fernando Chien,Superman Unplugged
Fernando Chien,Soldier of God
Fernando Chien,Crossing Jordan
Fernando Chien,Star Trek: Enterprise
Fernando Chien,Neverending Story
Fernando Chien,The Sign of Four
Fernando Chien,The Secret Adventures of Jules Verne
Fernando Chien,The Art of War
Fernando Chien,"Soldier of Fortune, Inc."
Fernando Chien,Student Bodies
Fernando Chien,Dead End
Fernando Chien,Provocateur
Yorgo Constantine,Gallery Row 2.0
Yorgo Constantine,Call of Duty: Black Ops Cold War
Yorgo Constantine,Deception
Yorgo Constantine,Rounds
Yorgo Constantine,MacGyver
Yorgo Constantine,You Only Live Once
Yorgo Constantine,Madam Secretary
Yorgo Constantine,Parallels
Yorgo Constantine,Intelligence
Yorgo Constantine,Mob City
Yorgo Constantine,Shameless
Yorgo Constantine,Stand Up Guys
Yorgo Constantine,Alyce Kills
Yorgo Constantine,Fast Five
Yorgo Constantine,Dead Space: Aftermath
Yorgo Constantine,The Unit
Yorgo Constantine,Without a Trace
Yorgo Constantine,Knight Rider
Yorgo Constantine,The Shield
Yorgo Constantine,Depth Charge
Yorgo Constantine,The Bourne Conspiracy
Yorgo Constantine,In Plain Sight
Yorgo Constantine,Death Sentence
Yorgo Constantine,Live Free or Die Hard
Yorgo Constantine,Close to Home
Yorgo Constantine,ER
Yorgo Constantine,Fracture
Yorgo Constantine,Faceless
Yorgo Constantine,Catch and Release
Yorgo Constantine,24
Yorgo Constantine,Shopgirl
Yorgo Constantine,Entourage
Yorgo Constantine,Las Vegas
Yorgo Constantine,Joan of Arcadia
Yorgo Constantine,The Last Shot
Yorgo Constantine,Target
Yorgo Constantine,Fits and Starts
Yorgo Constantine,Resurrection Blvd.
Yorgo Constantine,Phone Booth
Yorgo Constantine,Roswell
Yorgo Constantine,18 Wheels of Justice
Yorgo Constantine,Gideon's Crossing
Yorgo Constantine,The Huntress
Yorgo Constantine,Cement
Yorgo Constantine,Gone to Maui
Yorgo Constantine,Why Do Fools Fall in Love
Yorgo Constantine,Silk Stalkings
Yorgo Constantine,"Beverly Hills, 90210"
Yorgo Constantine,Arli$$
Yorgo Constantine,Return to Two Moon Junction
Yorgo Constantine,Hostile Intentions
Yorgo Constantine,Renegade
Yorgo Constantine,Diagnosis Murder
Yorgo Constantine,Columbo
Yorgo Constantine,A Perry Mason Mystery: The Case of the Wicked Wives
Yorgo Constantine,In the Heat of Passion
Yorgo Constantine,A Mother's Justice
Yorgo Constantine,Murder 101
Tego Calderon,Cosculluela x Tego Calderón: Chambean
Tego Calderon,The Fate of the Furious
Tego Calderon,Fast and Furious: Showdown
Tego Calderon,Fast Five
Tego Calderon,Wisin & Yandel Feat. Pitbull & Tego Calderon: Zun Zun Rompiendo Caderas - Remix
Tego Calderon,Los Bandoleros
Tego Calderon,Fast & Furious
Tego Calderon,Calle 13 - Tango del Pecado
Tego Calderon,Tego Calderon - No Quiere Novio
Tego Calderon,Illegal Tender
Tego Calderon,Tego Calderon ft. Yaga y Mackie - Fuego
Tego Calderon,Eddie Dee Feat. Various Artist: Los 12 discípulos (Quítate tu pa 'ponerme yo)
Tego Calderon,"Terror Squad Feat. Fat Joe, Remy Ma: Lean Back"
Tego Calderon,Tego Calderon - Cambumbo
Tego Calderon,Tego Calderon - Cosa Buena
Tego Calderon,Tego Calderon - Pa' que los gozen
Tego Calderon,"Vico C Feat. Eddie Dee & Tego Calderón: El bueno, el feo y el malo"
Tego Calderon,Punto 45
Don Omar,Don Omar Feat. Wisin & Gente De Zona: Soy yo
Don Omar,Don Omar: Sincero
Don Omar,Jerry Rivera & Don Omar: Tu no bailas mas que yo
Don Omar,Don Omar x Nio García: Se menea
Don Omar,Don Omar x Residente: Flow HP
Don Omar,F9: The Fast Saga
Don Omar,Amenazzy & Don Omar: Desierto
Don Omar,Don Omar: Vacilón
Don Omar,Don Omar & Farruko: Ramayama
Don Omar,The Fate of the Furious
Don Omar,Fast Five
Don Omar,Don Omar: Taboo
Don Omar,Don Omar Feat. Lucenzo: Danza Kuduro
Don Omar,Los Bandoleros
Don Omar,Fast & Furious
Don Omar,"Kat DeLuna Feat. Don Omar: Run the Show, Spanish Version"
Don Omar,Don Omar feat. Rell: Calm My Nerves
Don Omar,Don Omar - Adiós
Don Omar,Don Omar - Angelito
Don Omar,"Hector El Father ft. Wisin & Yandel, Don Omar & Naldo - Sácala"
Don Omar,"Daddy Yankee ft. Don Omar- Seguroski, Gata Gangter"
Don Omar,Don Omar Feat. Daddy Yankee: Seguroski/Gata Ganster
Matt Schulze,Action Point
Matt Schulze,Fast & Furious 6
Matt Schulze,Fast Five
Matt Schulze,Extract
Matt Schulze,The Acquirer
Matt Schulze,Weeds
Matt Schulze,The Flock
Matt Schulze,Mr. Brooks
Matt Schulze,Final Move
Matt Schulze,Seven Mummies
Matt Schulze,Bounty Hunters
Matt Schulze,Law & Order: Special Victims Unit
Matt Schulze,CSI: Miami
Matt Schulze,Out of Reach
Matt Schulze,The Heart Is Deceitful Above All Things
Matt Schulze,Torque
Matt Schulze,The Transporter
Matt Schulze,Blade II
Matt Schulze,The Fast and the Furious
Matt Schulze,Downward Angel
Matt Schulze,Boys and Girls
Matt Schulze,Dementia
Matt Schulze,7th Heaven
Matt Schulze,Charmed
Matt Schulze,Pacific Blue
Matt Schulze,Blade
Joaquim de Almeida,Anatomy of the Sun
Joaquim de Almeida,The Palace
Joaquim de Almeida,Searching 2
Joaquim de Almeida,God Save the Queens
Joaquim de Almeida,Aruanas
Joaquim de Almeida,Land of Dreams
Joaquim de Almeida,Fatima
Joaquim de Almeida,Warrior Nun
Joaquim de Almeida,The Legion
Joaquim de Almeida,Breaking & Exiting
Joaquim de Almeida,Elementary
Joaquim de Almeida,Queen of the South
Joaquim de Almeida,Downsizing
Joaquim de Almeida,The Hitman's Bodyguard
Joaquim de Almeida,In My Mother's Arms
Joaquim de Almeida,Training Day
Joaquim de Almeida,Mix
Joaquim de Almeida,Diablo
Joaquim de Almeida,Santa Bárbara
Joaquim de Almeida,Our Brand Is Crisis
Joaquim de Almeida,A Date with Miss Fortune
Joaquim de Almeida,The Duel: A Story Where Truth Is Mere Detail
Joaquim de Almeida,Deus ex Machina 2
Joaquim de Almeida,Of Mind and Music
Joaquim de Almeida,Atlas Shrugged: Who Is John Galt?
Joaquim de Almeida,3 Holes and a Smoking Gun
Joaquim de Almeida,Revolution
Joaquim de Almeida,Bones
Joaquim de Almeida,Three-60
Joaquim de Almeida,Cody the Robosapien
Joaquim de Almeida,Once Upon a Time
Joaquim de Almeida,Red Brazil
Joaquim de Almeida,The Gilded Cage
Joaquim de Almeida,Revenge
Joaquim de Almeida,Missing
Joaquim de Almeida,Archer
Joaquim de Almeida,The Mentalist
Joaquim de Almeida,Rosa Fogo
Joaquim de Almeida,The Glades
Joaquim de Almeida,Mamitas
Joaquim de Almeida,Fast Five
Joaquim de Almeida,Parenthood
Joaquim de Almeida,República
Joaquim de Almeida,Vuelo IL8714
Joaquim de Almeida,"A ria, a água, o homem..."
Joaquim de Almeida,Backlight
Joaquim de Almeida,Christopher Roth
Joaquim de Almeida,Holy Money
Joaquim de Almeida,Crusoe
Joaquim de Almeida,The Conspiracy
Joaquim de Almeida,The Burning Plain
Joaquim de Almeida,Che: Part Two
Joaquim de Almeida,Oscar: The Color of Destiny
Joaquim de Almeida,Call Girl
Joaquim de Almeida,La cucina
Joaquim de Almeida,The Lovebirds
Joaquim de Almeida,Bobby Z
Joaquim de Almeida,The Heart of the Earth
Joaquim de Almeida,CSI: Miami
Joaquim de Almeida,53 días de invierno
Joaquim de Almeida,Saints Row
Joaquim de Almeida,Love and Debate
Joaquim de Almeida,Moscow Zero
Joaquim de Almeida,The Celestine Prophecy
Joaquim de Almeida,Posdata
Joaquim de Almeida,Blue Sombrero
Joaquim de Almeida,Wanted
Joaquim de Almeida,Have No Fear: The Life of Pope John Paul II
Joaquim de Almeida,Um Tiro no Escuro
Joaquim de Almeida,The Batman
Joaquim de Almeida,The Chronicles of Riddick: Escape from Butcher Bay
Joaquim de Almeida,The Life
Joaquim de Almeida,The West Wing
Joaquim de Almeida,24
Joaquim de Almeida,Runaway
Joaquim de Almeida,Os Imortais
Joaquim de Almeida,Kingpin
Joaquim de Almeida,Quiet Men
Joaquim de Almeida,Break of Dawn
Joaquim de Almeida,Sweat
Joaquim de Almeida,Survival Island
Joaquim de Almeida,Behind Enemy Lines
Joaquim de Almeida,The Xango from Baker Street
Joaquim de Almeida,Stranded
Joaquim de Almeida,Water and Salt
Joaquim de Almeida,His Master's Voice
Joaquim de Almeida,April Captains
Joaquim de Almeida,Falcone
Joaquim de Almeida,Inferno
Joaquim de Almeida,Camino de Santiago
Joaquim de Almeida,One Man's Hero
Joaquim de Almeida,Vendetta
Joaquim de Almeida,No Vacancy
Joaquim de Almeida,On the Run
Joaquim de Almeida,Dollar for the Dead
Joaquim de Almeida,The Mask of Zorro
Joaquim de Almeida,La Cucaracha
Joaquim de Almeida,La Femme Nikita
Joaquim de Almeida,L'enfant du bout du monde
Joaquim de Almeida,Tentação
Joaquim de Almeida,Elles
Joaquim de Almeida,Fatima
Joaquim de Almeida,Corazón loco
Joaquim de Almeida,Estória do Gato e da Lua
Joaquim de Almeida,We're Still Here
Joaquim de Almeida,Nostromo
Joaquim de Almeida,Dead Man's Walk
Joaquim de Almeida,M de Amigo
Joaquim de Almeida,Adão e Eva
Joaquim de Almeida,Desperado
Joaquim de Almeida,According to Pereira
Joaquim de Almeida,Only You
Joaquim de Almeida,Clear and Present Danger
Joaquim de Almeida,Uma Vida Normal
Joaquim de Almeida,El baile de las ánimas
Joaquim de Almeida,On the Edge of the Horizon
Joaquim de Almeida,Amok
Joaquim de Almeida,Sombras en una batalla
Joaquim de Almeida,Una estación de paso
Joaquim de Almeida,Amor e Dedinhos de Pé
Joaquim de Almeida,Terra Fria
Joaquim de Almeida,The Fencing Master
Joaquim de Almeida,Aqui D'El Rei!
Joaquim de Almeida,Love at First Sight
Joaquim de Almeida,Retrato de Família
Joaquim de Almeida,The Dumbfounded King
Joaquim de Almeida,El día que nací yo
Joaquim de Almeida,Alex
Joaquim de Almeida,A Ilha
Joaquim de Almeida,Sandino
Joaquim de Almeida,Segno di fuoco
Joaquim de Almeida,Les deux Fragonard
Joaquim de Almeida,Disamistade
Joaquim de Almeida,Milan noir
Joaquim de Almeida,Terre sacrée
Joaquim de Almeida,Priceless Beauty
Joaquim de Almeida,Good Morning Babylon
Joaquim de Almeida,The Sun and the Moon
Joaquim de Almeida,Repórter X
Joaquim de Almeida,Miami Vice
Joaquim de Almeida,Beyond the Limit
Joaquim de Almeida,The Soldier
Joaquim de Almeida,The Edge of Night
Joaquim de Almeida,The Phantom Wolf
Joaquim de Almeida,Un uomo americano
Sung Kang,Fast X
Sung Kang,Obi-Wan Kenobi
Sung Kang,F9: Jet-Engine-Kart LA Race
Sung Kang,Lisey's Story
Sung Kang,F9: The Fast Saga
Sung Kang,Snakehead
Sung Kang,Raya and the Last Dragon
Sung Kang,High & Tight
Sung Kang,We Can Be Heroes
Sung Kang,Power Book II: Ghost
Sung Kang,Power
Sung Kang,Code 8
Sung Kang,Whiskey Cavalier
Sung Kang,Magnum P.I.
Sung Kang,Party Boat
Sung Kang,Hawaii Five-0
Sung Kang,Code 8
Sung Kang,The Free World
Sung Kang,Family Guy
Sung Kang,Pali Road
Sung Kang,Lyrics Born: Real People
Sung Kang,Hollywood Adventures
Sung Kang,Help
Sung Kang,Ana Maria in Novela Land
Sung Kang,Eden
Sung Kang,Gang Related
Sung Kang,Robot Chicken
Sung Kang,Fast and Furious: Showdown
Sung Kang,Fast & Furious 6
Sung Kang,The Come Up
Sung Kang,Bullet to the Head
Sung Kang,Sunset Stories
Sung Kang,4 Wedding Planners
Sung Kang,Fast Five
Sung Kang,Easy to Assemble
Sung Kang,Clap Clap
Sung Kang,Ninja Assassin
Sung Kang,Los Bandoleros
Sung Kang,Mental
Sung Kang,Fast & Furious
Sung Kang,Monk
Sung Kang,CSI: Crime Scene Investigation
Sung Kang,Knight Rider
Sung Kang,MADtv
Sung Kang,War
Sung Kang,Live Free or Die Hard
Sung Kang,Finishing the Game
Sung Kang,CSI: Miami
Sung Kang,Standoff
Sung Kang,Undoing
Sung Kang,The Fast and the Furious: Tokyo Drift
Sung Kang,Forbidden Warrior
Sung Kang,The Motel
Sung Kang,Without a Trace
Sung Kang,Cold Case
Sung Kang,Threat Matrix
Sung Kang,9:30
Sung Kang,The Shield
Sung Kang,Girlfriends
Sung Kang,Antwone Fisher
Sung Kang,Spin City
Sung Kang,Better Luck Tomorrow
Sung Kang,Pearl Harbor
Sung Kang,NYPD Blue
Sung Kang,Martial Law
Sung Kang,Felicity
Sung Kang,Mystery Men
Paul Walker,Wiz Khalifa feat. Charlie Puth: See You Again
Paul Walker,Furious 7
Paul Walker,Brick Mansions
Paul Walker,Pawn Shop Chronicles
Paul Walker,Conan
Paul Walker,Fast & Furious 6
Paul Walker,Hours
Paul Walker,Vehicle 19
Paul Walker,Fast Five
Paul Walker,Takers
Paul Walker,Fast & Furious
Paul Walker,The Lazarus Project
Paul Walker,Stories USA
Paul Walker,Bobby Z
Paul Walker,Flags of Our Fathers
Paul Walker,Eight Below
Paul Walker,Running Scared
Paul Walker,Into the Blue
Paul Walker,Noel
Paul Walker,Timeline
Paul Walker,2 Fast 2 Furious
Paul Walker,Turbo Charged Prelude to 2 Fast 2 Furious
Paul Walker,Ludacris: Act a Fool
Paul Walker,Life Makes Sense If You're Famous
Paul Walker,Joy Ride
Paul Walker,The Fast and the Furious
Paul Walker,The Skulls
Paul Walker,Brokedown Palace
Paul Walker,She's All That
Paul Walker,Varsity Blues
Paul Walker,Pleasantville
Paul Walker,Meet the Deedles
Paul Walker,Touched by an Angel
Paul Walker,Tammy and the T-Rex
Paul Walker,The Boys Are Back
Paul Walker,CBS Schoolbreak Special
Paul Walker,The Young and the Restless
Paul Walker,What a Dummy
Paul Walker,Who's the Boss?
Paul Walker,Charles in Charge
Paul Walker,Throb
Paul Walker,Programmed to Kill
Paul Walker,Monster in the Closet
Ludacris,Fast X
Paul Walker,Highway to Heaven
Ludacris,End of the Road
Ludacris,Karma's World
Ludacris,F9: The Fast Saga
Ludacris,Will from Home
Ludacris,John Henry
Ludacris,Show Dogs
Ludacris,The Ride
Ludacris,Carrie Underwood Feat. Ludacris: The Champion
Ludacris,Ludacris: Vices
Ludacris,Doc McStuffins
Ludacris,The Fate of the Furious
Ludacris,Turkey Hollow
Ludacris,Empire
Ludacris,Forza Horizon 2 Presents Fast & Furious
Ludacris,Furious 7
Ludacris,Being Mary Jane
Ludacris,Fast & Furious 6
Ludacris,Ciara: Body Party
Ludacris,Justin Bieber: All Around the World
Ludacris,"Ludacris Feat. Usher, David Guetta: Rest of My Life"
Ludacris,Ludacris Feat. Kelly Rowland: Representin
Ludacris,Untitl3d Feat. Ludacris: Stupid Dumb Fly
Ludacris,John Legend Feat. Ludacris: Tonight (Best You Ever Had)
Ludacris,New Year's Eve
Ludacris,Ludacris: Rich & Flexin
Ludacris,Ludacris: Bada Boom
Ludacris,Breakaway
Ludacris,David Guetta Feat. Taio Cruz and Ludacris: Little Bad Girl
Ludacris,Fast Five
Ludacris,No Strings Attached
Ludacris,Enrique Iglesias: Tonight (I'm Lovin' You)
Ludacris,"My Darkest Days Porn Star Dancing Featuring Ludacris, Chad Kroeger"
Ludacris,Ludacris Feat. Trey Songz: Sex Room
Ludacris,Ciara Feat. Ludacris: Ride
Ludacris,Justin Bieber Feat. Ludacris: Baby
Ludacris,Ludacris feat. Nicki Minaj: My Chick Bad
Ludacris,"DJ Felli Fel Feat. Diddy, Akon, Ludacris, Lil Jon: Get Buck in Here"
Ludacris,Gamer
Ludacris,Jesse McCartney Feat. Ludacris: How Do You Sleep?
Ludacris,Max Payne
Ludacris,RocknRolla
Ludacris,Ludacris feat. Chris Brown: What Them Girls Like
Ludacris,Ball Don't Lie
Ludacris,"Disturbing Tha Peace Feat. Ludacris, Chingy, Small World, Steph Jones: Celebrity Chick"
Ludacris,Ludacris Feat. Mary J. Blige: Runaway Love
Ludacris,R. Kelly Feat. Ludacris and Kid Rock: Rock Star
Ludacris,Fred Claus
Ludacris,Law & Order: Special Victims Unit
Ludacris,The Simpsons
Ludacris,Fergie Feat. Ludacris: Glamorous
Ludacris,Ludacris Feat. Pharrell: Money Maker
Ludacris,Shareefa Feat. Ludacris: Need a Boss
Ludacris,NBA Ballers: Phenom
Ludacris,Jamie Foxx Feat. Ludacris: Unpredictable
Ludacris,Eve
Ludacris,Ciara Feat. Ludacris: Oh
Ludacris,Hustle & Flow
Ludacris,Lil' Pimp
Ludacris,Ludacris: Get Back
Ludacris,Shawnna Feat. Ludacris: Shake Dat Shit
Ludacris,Def Jam: Fight for NY
Ludacris,Crash
Ludacris,Usher Feat. Ludacris and Lil Jon: Yeah!
Ludacris,Chingy Feat. Ludacris & Snoop Dogg: Holidae Inn
Ludacris,Sex & the Studio 2
Ludacris,2 Fast 2 Furious
Ludacris,Ludacris: Act a Fool
Ludacris,Eminem: Sing for the Moment
Ludacris,Def Jam Vendetta
Ludacris,Chingy: Right Thurr
Ludacris,Missy Elliott Feat. Ludacris: Gossip Folks
Ludacris,Trina Feat. Ludacris: B R Right
Ludacris,Monica: All Eyez on Me
Ludacris,Ludacris Feat. Mystikal & I-20: Move Bitch
Ludacris,"Ludacris Feat. Sleepy Brown: Saturday, Oooh Oooh!"
Ludacris,Busta Rhymes: Break Ya Neck
Ludacris,Ludacris: Rollout (My Business)
Ludacris,"OutKast: So Fresh, So Clean"
Ludacris,The Wash
Ludacris,Ludacris Feat. Nate Dogg: Area Codes
Ludacris,Missy Elliott: One Minute Man
Ludacris,SpringBling Beach Towel Throwdown
Ludacris,Missy Elliott: Get Ur Freak On
Ludacris,Ludacris: Southern Hospitality
Ludacris,Eyes on Hip Hop
Dwayne Johnson,Big Trouble in Little China
Dwayne Johnson,Doc Savage
Dwayne Johnson,San Andreas 2
Dwayne Johnson,The King
Dwayne Johnson,Red One
Dwayne Johnson,Black Adam
Dwayne Johnson,DC League of Super-Pets
Dwayne Johnson,Young Rock
Dwayne Johnson,WWE Smackdown!
Dwayne Johnson,Fortnite: Chapter 3
Dwayne Johnson,Red Notice - Untrustworthy Spoilers
Dwayne Johnson,Red Notice
Dwayne Johnson,"Tech N9ne Feat. Joey Cool, King Iso & Dwayne Johnson: Face Off"
Dwayne Johnson,Free Guy
Dwayne Johnson,Jungle Cruise
Dwayne Johnson,Black Adam Precursor
Dwayne Johnson,Taylor Swift: The Man
Dwayne Johnson,Jumanji: The Next Level
Dwayne Johnson,Fortnite: Chapter 2
Dwayne Johnson,Ballers
Dwayne Johnson,Fast & Furious Presents: Hobbs & Shaw
Dwayne Johnson,Fighting with My Family
Dwayne Johnson,After Hours with Josh Horowitz
Dwayne Johnson,Skyscraper
Dwayne Johnson,Rampage
Dwayne Johnson,Jumanji: Welcome to the Jungle
Dwayne Johnson,WWE: Story Time
Dwayne Johnson,Seven Bucks Digital Studios
Dwayne Johnson,Baywatch
Dwayne Johnson,The Fate of the Furious
Dwayne Johnson,Dwayne Johnson: You're Welcome
Dwayne Johnson,Moana
Dwayne Johnson,Central Intelligence
Dwayne Johnson,WWE Raw
Dwayne Johnson,Jem and the Holograms
Dwayne Johnson,Saturday Night Live: Cut for Time
Dwayne Johnson,San Andreas
Dwayne Johnson,Furious 7
Dwayne Johnson,Hercules
Dwayne Johnson,WWE Countdown
Dwayne Johnson,Fast & Furious 6
Dwayne Johnson,Pain & Gain
Dwayne Johnson,WrestleMania 29
Dwayne Johnson,Empire State
Dwayne Johnson,G.I. Joe: Retaliation
Dwayne Johnson,Snitch
Dwayne Johnson,Clash Time
Dwayne Johnson,WrestleMania XXVIII
Dwayne Johnson,Journey 2: The Mysterious Island
Dwayne Johnson,Fast Five
Dwayne Johnson,WrestleMania XXVII
Dwayne Johnson,Dwayne 'The Rock' Johnson: WWE Entrance Video
Dwayne Johnson,Transformers Prime
Dwayne Johnson,Faster
Dwayne Johnson,You Again
Dwayne Johnson,The Other Guys
Dwayne Johnson,Why Did I Get Married Too?
Dwayne Johnson,Tooth Fairy
Dwayne Johnson,Family Guy
Dwayne Johnson,Planet 51
Dwayne Johnson,Saturday Night Live
Dwayne Johnson,Race to Witch Mountain
Dwayne Johnson,Get Smart
Dwayne Johnson,The Game Plan
Dwayne Johnson,Hannah Montana
Dwayne Johnson,Reno 911! Miami
Dwayne Johnson,Gridiron Gang
Dwayne Johnson,Southland Tales
Dwayne Johnson,Doom
Dwayne Johnson,WWE Day of Reckoning 2
Dwayne Johnson,Be Cool
Dwayne Johnson,WWE Day of Reckoning
Dwayne Johnson,WWE Byte This!
Dwayne Johnson,Walking Tall
Dwayne Johnson,The Rundown
Dwayne Johnson,WWE Raw 2: Ruthless Aggression
Dwayne Johnson,WrestleMania XIX
Dwayne Johnson,WrestleMania XIX
Dwayne Johnson,WWE Crush Hour
Dwayne Johnson,Best of the WWF 2001
Dwayne Johnson,Summerslam
Dwayne Johnson,The Scorpion King
Dwayne Johnson,WWF Raw
Dwayne Johnson,Longshot
Dwayne Johnson,The Mummy Returns
Dwayne Johnson,WrestleMania X-Seven
Dwayne Johnson,WWE Sunday Night Heat
Dwayne Johnson,Method Man: Know Your Role
Dwayne Johnson,Wyclef Jean Feat. The Rock & Melky Sedeck: It Doesn't Matter
Dwayne Johnson,Star Trek: Voyager
Dwayne Johnson,WWF Superstars
Dwayne Johnson,WrestleMania XV
Dwayne Johnson,The Net
Dwayne Johnson,That '70s Show
Dwayne Johnson,WWF Shotgun Saturday Night
Dwayne Johnson,Best of Raw 10
Dwayne Johnson,Best of Raw 8
Dwayne Johnson,WrestleMania XIV
Dwayne Johnson,WWF Friday Night's Main Event
Dwayne Johnson,USWA Championship Wrestling
Tyrese Gibson,Desert Eagle
Tyrese Gibson,"April 29, 1992"
Tyrese Gibson,Hard Matter
Tyrese Gibson,Fast X
Tyrese Gibson,Bosco
Tyrese Gibson,Helen's Dead
Tyrese Gibson,Squealer
Tyrese Gibson,The System
Tyrese Gibson,Bad Hombres
Tyrese Gibson,Come Out Fighting
Tyrese Gibson,Morbius
Tyrese Gibson,Dangerous
Tyrese Gibson,F9: Jet-Engine-Kart LA Race
Tyrese Gibson,Rogue Hostage
Tyrese Gibson,F9: The Fast Saga
Tyrese Gibson,The Christmas Chronicles: Part Two
Tyrese Gibson,Tyrese Legendary Feat. Ceelo Green
Tyrese Gibson,Fast and Furious Crossroads
Tyrese Gibson,For NYC
Tyrese Gibson,Black and Blue
Tyrese Gibson,The Fate of the Furious
Tyrese Gibson,Star
Tyrese Gibson,American Dad!
Tyrese Gibson,Ride Along 2
Tyrese Gibson,Tyrese Gibson: Shame
Tyrese Gibson,Hollywood Adventures
Tyrese Gibson,Fast & Furious: Supercharged
Tyrese Gibson,Furious 7
Tyrese Gibson,Black Nativity
Tyrese Gibson,TGT: I Need
Tyrese Gibson,TGT: Sex Never Felt Better
Tyrese Gibson,Fast & Furious 6
Tyrese Gibson,Transformers: Dark of the Moon
Tyrese Gibson,Fast Five
Tyrese Gibson,Lady Gaga Feat. Beyoncé: Telephone
Tyrese Gibson,Artists for Haiti: We Are the World 25 for Haiti
Tyrese Gibson,Legion
Tyrese Gibson,Chris Brown Feat Lil Wayne and Swizz Beatz: I Can Transform Ya
Tyrese Gibson,Transformers: Revenge of the Fallen
Tyrese Gibson,Busta Rhymes Feat. Jadakiss & Lil Wayne: Respect My Conglomerate
Tyrese Gibson,Death Race
Tyrese Gibson,The Take
Tyrese Gibson,Transformers
Tyrese Gibson,Nick Jr. Favorites Holiday
Tyrese Gibson,Waist Deep
Tyrese Gibson,Annapolis
Tyrese Gibson,Four Brothers
Tyrese Gibson,Flight of the Phoenix
Tyrese Gibson,2 Fast 2 Furious
Tyrese Gibson,Ludacris: Act a Fool
Tyrese Gibson,Blue's Big Holiday
Tyrese Gibson,Baby Boy
Tyrese Gibson,Moesha
Tyrese Gibson,Love Song
Tyrese Gibson,"Ginuwine, R.L., Tyrese, Case: The Best Man I Can Be"
Tyrese Gibson,Monica: Angel of Mine
Tyrese Gibson,Tyrese: Lately
Tyrese Gibson,Tyrese: Sweet Lady
Tyrese Gibson,"Sister, Sister"
Tyrese Gibson,The Parent 'Hood
Tyrese Gibson,Martin
Tyrese Gibson,Hangin' with Mr. Cooper
